episode,score,best,eval_avg,eval_best,cleared,steps,epsilon,buffer,loss,phase,death_cause,sps,timestamp
0,40.5,40.5,0.0,0.0,0,132,0.9992,132,0.0,1-slow,cactus_large,14162.0,2026-06-12T19:53:40
1,40.5,40.5,0.0,0.0,0,132,0.9983,264,0.0,1-slow,cactus_large,17831.0,2026-06-12T19:53:40
2,54.3,54.3,0.0,0.0,2,176,0.9972,440,0.0,1-slow,cactus_large,17063.0,2026-06-12T19:53:40
3,46.9,54.3,0.0,0.0,1,153,0.9962,593,0.0,1-slow,cactus_small,16576.0,2026-06-12T19:53:40
4,56.6,56.6,0.0,0.0,2,183,0.9951,776,0.0,1-slow,cactus_large,17257.0,2026-06-12T19:53:40
5,40.2,56.6,0.0,0.0,0,131,0.9943,907,0.0,1-slow,cactus_small,15580.0,2026-06-12T19:53:40
6,40.5,56.6,0.0,0.0,0,132,0.9934,1039,0.0,1-slow,cactus_small,17320.0,2026-06-12T19:53:40
7,41.3,56.6,0.0,0.0,0,135,0.9926,1174,0.0,1-slow,cactus_small,15415.0,2026-06-12T19:53:40
8,49.1,56.6,0.0,0.0,1,160,0.9916,1334,0.0,1-slow,cactus_large,16828.0,2026-06-12T19:53:40
9,40.5,56.6,0.0,0.0,0,132,0.9907,1466,0.0,1-slow,cactus_large,17142.0,2026-06-12T19:53:40
10,41.1,56.6,0.0,0.0,0,134,0.9899,1600,0.0,1-slow,cactus_small,17314.0,2026-06-12T19:53:40
11,47.1,56.6,0.0,0.0,1,153,0.9889,1753,0.0,1-slow,cactus_large,16568.0,2026-06-12T19:53:40
12,40.5,56.6,0.0,0.0,0,132,0.9881,1885,0.0,1-slow,cactus_large,15559.0,2026-06-12T19:53:40
13,40.3,56.6,0.0,0.0,0,132,0.9872,2017,0.0,1-slow,cactus_large,16438.0,2026-06-12T19:53:40
14,40.6,56.6,0.0,0.0,0,133,0.9864,2150,0.0,1-slow,cactus_small,17026.0,2026-06-12T19:53:40
15,49.1,56.6,0.0,0.0,1,160,0.9854,2310,0.0,1-slow,cactus_large,16553.0,2026-06-12T19:53:40
16,40.9,56.6,0.0,0.0,0,134,0.9845,2444,0.0,1-slow,cactus_small,16972.0,2026-06-12T19:53:40
17,52.3,56.6,0.0,0.0,1,170,0.9834,2614,0.0,1-slow,cactus_small,15539.0,2026-06-12T19:53:40
18,40.3,56.6,0.0,0.0,0,132,0.9826,2746,0.0,1-slow,cactus_small,14942.0,2026-06-12T19:53:40
19,50.4,56.6,0.0,0.0,1,164,0.9816,2910,0.0,1-slow,cactus_large,15160.0,2026-06-12T19:53:40
20,40.5,56.6,0.0,0.0,0,132,0.9807,3042,0.0,1-slow,cactus_large,15637.0,2026-06-12T19:53:40
21,40.5,56.6,0.0,0.0,0,132,0.9799,3174,0.0,1-slow,cactus_large,15673.0,2026-06-12T19:53:40
22,41.6,56.6,0.0,0.0,0,136,0.979,3310,0.0,1-slow,cactus_large,17067.0,2026-06-12T19:53:40
23,40.3,56.6,0.0,0.0,0,132,0.9782,3442,0.0,1-slow,cactus_large,16114.0,2026-06-12T19:53:40
24,50.1,56.6,0.0,0.0,1,163,0.9772,3605,0.0,1-slow,cactus_large,16458.0,2026-06-12T19:53:40
25,40.5,56.6,0.0,0.0,0,132,0.9763,3737,0.0,1-slow,cactus_small,15079.0,2026-06-12T19:53:40
26,40.5,56.6,0.0,0.0,0,132,0.9755,3869,0.0,1-slow,cactus_small,16083.0,2026-06-12T19:53:40
27,47.4,56.6,0.0,0.0,1,154,0.9745,4023,0.0,1-slow,cactus_small,15829.0,2026-06-12T19:53:40
28,40.5,56.6,0.0,0.0,0,132,0.9737,4155,0.0,1-slow,cactus_large,16967.0,2026-06-12T19:53:40
29,47.7,56.6,0.0,0.0,1,155,0.9727,4310,0.0,1-slow,cactus_small,13793.0,2026-06-12T19:53:40
30,40.5,56.6,0.0,0.0,0,132,0.9719,4442,0.0,1-slow,cactus_large,15609.0,2026-06-12T19:53:40
31,40.5,56.6,0.0,0.0,0,132,0.971,4574,0.0,1-slow,cactus_small,14940.0,2026-06-12T19:53:40
32,49.1,56.6,0.0,0.0,1,160,0.97,4734,0.0,1-slow,cactus_small,16021.0,2026-06-12T19:53:40
33,40.5,56.6,0.0,0.0,0,132,0.9692,4866,0.0,1-slow,cactus_large,16073.0,2026-06-12T19:53:40
34,41.6,56.6,0.0,0.0,0,136,0.9683,5002,0.00182,1-slow,cactus_large,7074.0,2026-06-12T19:53:40
35,46.9,56.6,0.0,0.0,1,153,0.9674,5155,0.01292,1-slow,cactus_large,335.0,2026-06-12T19:53:41
36,47.2,56.6,0.0,0.0,1,154,0.9664,5309,0.01191,1-slow,cactus_small,341.0,2026-06-12T19:53:41
37,40.2,56.6,0.0,0.0,0,131,0.9655,5440,0.01235,1-slow,cactus_large,345.0,2026-06-12T19:53:42
38,40.6,56.6,0.0,0.0,0,133,0.9647,5573,0.01163,1-slow,cactus_small,346.0,2026-06-12T19:53:42
39,40.5,56.6,0.0,0.0,0,132,0.9639,5705,0.01029,1-slow,cactus_large,336.0,2026-06-12T19:53:43
40,54.5,56.6,0.0,0.0,2,177,0.9627,5882,0.00994,1-slow,cactus_large,311.0,2026-06-12T19:53:43
41,60.2,60.2,0.0,0.0,2,195,0.9615,6077,0.01015,1-slow,cactus_small,255.0,2026-06-12T19:53:44
42,40.5,60.2,0.0,0.0,0,132,0.9607,6209,0.00956,1-slow,cactus_small,305.0,2026-06-12T19:53:44
43,48.8,60.2,0.0,0.0,1,159,0.9597,6368,0.0096,1-slow,cactus_small,301.0,2026-06-12T19:53:45
44,41.3,60.2,0.0,0.0,0,135,0.9588,6503,0.00916,1-slow,cactus_small,311.0,2026-06-12T19:53:45
45,40.2,60.2,0.0,0.0,0,131,0.958,6634,0.00861,1-slow,cactus_large,307.0,2026-06-12T19:53:46
46,40.6,60.2,0.0,0.0,0,133,0.9571,6767,0.00877,1-slow,cactus_large,304.0,2026-06-12T19:53:46
47,47.9,60.2,0.0,0.0,1,156,0.9562,6923,0.00822,1-slow,cactus_large,293.0,2026-06-12T19:53:47
48,40.5,60.2,0.0,0.0,0,132,0.9553,7055,0.00779,1-slow,cactus_small,267.0,2026-06-12T19:53:47
49,40.5,60.2,57.0,57.0,0,132,0.9545,7187,0.0081,1-slow,cactus_large,216.0,2026-06-12T19:53:48
50,40.5,60.2,57.0,57.0,0,132,0.9536,7319,0.00818,1-slow,cactus_small,308.0,2026-06-12T19:53:48
51,47.9,60.2,57.0,57.0,1,156,0.9527,7475,0.00836,1-slow,cactus_large,320.0,2026-06-12T19:53:49
52,77.8,77.8,57.0,57.0,5,249,0.9511,7724,0.00832,1-slow,cactus_small,286.0,2026-06-12T19:53:50
53,55.8,77.8,57.0,57.0,2,181,0.9499,7905,0.00936,1-slow,cactus_small,295.0,2026-06-12T19:53:50
54,57.0,77.8,57.0,57.0,2,185,0.9488,8090,0.00969,1-slow,cactus_large,301.0,2026-06-12T19:53:51
55,84.0,84.0,57.0,57.0,5,268,0.9471,8358,0.00977,1-slow,cactus_large,278.0,2026-06-12T19:53:52
56,45.8,84.0,57.0,57.0,1,149,0.9461,8507,0.01106,1-slow,cactus_large,273.0,2026-06-12T19:53:52
57,40.9,84.0,57.0,57.0,0,134,0.9453,8641,0.01064,1-slow,cactus_small,296.0,2026-06-12T19:53:53
58,45.8,84.0,57.0,57.0,1,149,0.9443,8790,0.01122,1-slow,cactus_large,305.0,2026-06-12T19:53:53
59,47.1,84.0,57.0,57.0,1,153,0.9434,8943,0.01142,1-slow,cactus_large,305.0,2026-06-12T19:53:54
60,40.5,84.0,57.0,57.0,0,132,0.9425,9075,0.01059,1-slow,cactus_small,299.0,2026-06-12T19:53:54
61,40.5,84.0,57.0,57.0,0,132,0.9417,9207,0.01156,1-slow,cactus_small,303.0,2026-06-12T19:53:55
62,53.2,84.0,57.0,57.0,2,173,0.9406,9380,0.01165,1-slow,cactus_large,290.0,2026-06-12T19:53:55
63,49.3,84.0,57.0,57.0,1,160,0.9396,9540,0.01179,1-slow,cactus_large,274.0,2026-06-12T19:53:56
64,55.1,84.0,57.0,57.0,2,179,0.9384,9719,0.01142,1-slow,cactus_small,272.0,2026-06-12T19:53:56
65,40.5,84.0,57.0,57.0,0,132,0.9376,9851,0.01002,1-slow,cactus_large,268.0,2026-06-12T19:53:57
66,61.4,84.0,57.0,57.0,2,198,0.9364,10049,0.01152,1-slow,cactus_small,301.0,2026-06-12T19:53:58
67,75.7,84.0,57.0,57.0,5,243,0.9348,10292,0.01231,1-slow,cactus_small,312.0,2026-06-12T19:53:58
68,40.5,84.0,57.0,57.0,0,132,0.934,10424,0.01221,1-slow,cactus_small,332.0,2026-06-12T19:53:59
69,50.2,84.0,57.0,57.0,1,163,0.9329,10587,0.01178,1-slow,cactus_large,324.0,2026-06-12T19:53:59
70,40.9,84.0,57.0,57.0,0,134,0.9321,10721,0.01293,1-slow,cactus_small,313.0,2026-06-12T19:54:00
71,40.5,84.0,57.0,57.0,0,132,0.9313,10853,0.0122,1-slow,cactus_small,305.0,2026-06-12T19:54:00
72,40.5,84.0,57.0,57.0,0,132,0.9304,10985,0.01277,1-slow,cactus_large,316.0,2026-06-12T19:54:01
73,40.5,84.0,57.0,57.0,0,132,0.9296,11117,0.01357,1-slow,cactus_large,318.0,2026-06-12T19:54:01
74,48.0,84.0,57.0,57.0,1,156,0.9286,11273,0.01285,1-slow,cactus_large,328.0,2026-06-12T19:54:01
75,41.7,84.0,57.0,57.0,0,136,0.9277,11409,0.01421,1-slow,cactus_large,320.0,2026-06-12T19:54:02
76,53.9,84.0,57.0,57.0,2,175,0.9266,11584,0.01453,1-slow,cactus_large,311.0,2026-06-12T19:54:02
77,61.0,84.0,57.0,57.0,3,197,0.9254,11781,0.01486,1-slow,cactus_large,282.0,2026-06-12T19:54:03
78,40.5,84.0,57.0,57.0,0,132,0.9246,11913,0.01364,1-slow,cactus_large,297.0,2026-06-12T19:54:04
79,40.5,84.0,57.0,57.0,0,132,0.9237,12045,0.01378,1-slow,cactus_small,316.0,2026-06-12T19:54:04
80,48.2,84.0,57.0,57.0,1,157,0.9227,12202,0.01489,1-slow,cactus_small,321.0,2026-06-12T19:54:04
81,49.0,84.0,57.0,57.0,1,159,0.9217,12361,0.01663,1-slow,cactus_small,309.0,2026-06-12T19:54:05
82,40.5,84.0,57.0,57.0,0,132,0.9209,12493,0.01622,1-slow,cactus_large,330.0,2026-06-12T19:54:05
83,40.9,84.0,57.0,57.0,0,134,0.92,12627,0.01567,1-slow,cactus_small,306.0,2026-06-12T19:54:06
84,56.6,84.0,57.0,57.0,1,183,0.9189,12810,0.01538,1-slow,cactus_large,315.0,2026-06-12T19:54:06
85,76.5,84.0,57.0,57.0,4,245,0.9173,13055,0.01579,1-slow,cactus_large,328.0,2026-06-12T19:54:07
86,40.5,84.0,57.0,57.0,0,132,0.9165,13187,0.01538,1-slow,cactus_small,329.0,2026-06-12T19:54:08
87,46.8,84.0,57.0,57.0,1,152,0.9155,13339,0.01659,1-slow,cactus_large,331.0,2026-06-12T19:54:08
88,40.8,84.0,57.0,57.0,0,133,0.9147,13472,0.01561,1-slow,cactus_small,335.0,2026-06-12T19:54:08
89,48.2,84.0,57.0,57.0,1,157,0.9137,13629,0.01608,1-slow,cactus_small,333.0,2026-06-12T19:54:09
90,71.5,84.0,57.0,57.0,3,230,0.9122,13859,0.01674,1-slow,cactus_small,329.0,2026-06-12T19:54:10
91,63.0,84.0,57.0,57.0,2,203,0.9109,14062,0.01837,1-slow,cactus_large,318.0,2026-06-12T19:54:10
92,40.5,84.0,57.0,57.0,0,132,0.9101,14194,0.01931,1-slow,cactus_small,315.0,2026-06-12T19:54:11
93,57.8,84.0,57.0,57.0,2,187,0.9089,14381,0.01839,1-slow,cactus_large,317.0,2026-06-12T19:54:11
94,41.1,84.0,57.0,57.0,0,134,0.9081,14515,0.01673,1-slow,cactus_large,317.0,2026-06-12T19:54:12
95,66.2,84.0,57.0,57.0,3,213,0.9067,14728,0.0178,1-slow,cactus_large,308.0,2026-06-12T19:54:12
96,49.0,84.0,57.0,57.0,1,159,0.9057,14887,0.01828,1-slow,cactus_large,320.0,2026-06-12T19:54:13
97,45.6,84.0,57.0,57.0,1,149,0.9048,15036,0.01786,1-slow,cactus_large,263.0,2026-06-12T19:54:13
98,41.7,84.0,57.0,57.0,0,136,0.9039,15172,0.01721,1-slow,cactus_large,312.0,2026-06-12T19:54:14
99,40.8,84.0,7150.0,7150.0,0,133,0.9031,15305,0.02002,1-slow,cactus_large,8.0,2026-06-12T19:54:31
100,46.3,84.0,7150.0,7150.0,1,151,0.9021,15456,0.01895,1-slow,cactus_large,295.0,2026-06-12T19:54:31
101,40.5,84.0,7150.0,7150.0,0,132,0.9013,15588,0.02086,1-slow,cactus_large,289.0,2026-06-12T19:54:31
102,40.9,84.0,7150.0,7150.0,0,134,0.9004,15722,0.02107,1-slow,cactus_small,206.0,2026-06-12T19:54:32
103,71.6,84.0,7150.0,7150.0,4,230,0.899,15952,0.0195,1-slow,cactus_small,290.0,2026-06-12T19:54:33
104,41.6,84.0,7150.0,7150.0,0,136,0.8981,16088,0.02008,1-slow,cactus_small,319.0,2026-06-12T19:54:33
105,54.3,84.0,7150.0,7150.0,1,176,0.897,16264,0.02003,1-slow,cactus_small,307.0,2026-06-12T19:54:34
106,51.5,84.0,7150.0,7150.0,1,167,0.8959,16431,0.02076,1-slow,cactus_small,315.0,2026-06-12T19:54:34
107,47.5,84.0,7150.0,7150.0,1,155,0.895,16586,0.01959,1-slow,cactus_small,314.0,2026-06-12T19:54:35
108,40.5,84.0,7150.0,7150.0,0,132,0.8941,16718,0.02074,1-slow,cactus_small,315.0,2026-06-12T19:54:35
109,40.5,84.0,7150.0,7150.0,0,132,0.8933,16850,0.01996,1-slow,cactus_large,296.0,2026-06-12T19:54:36
110,40.5,84.0,7150.0,7150.0,0,132,0.8924,16982,0.02083,1-slow,cactus_large,326.0,2026-06-12T19:54:36
111,40.5,84.0,7150.0,7150.0,0,132,0.8916,17114,0.01979,1-slow,cactus_large,305.0,2026-06-12T19:54:37
112,47.2,84.0,7150.0,7150.0,1,154,0.8906,17268,0.02062,1-slow,cactus_large,306.0,2026-06-12T19:54:37
113,40.5,84.0,7150.0,7150.0,0,132,0.8898,17400,0.02161,1-slow,cactus_small,305.0,2026-06-12T19:54:38
114,48.2,84.0,7150.0,7150.0,1,157,0.8888,17557,0.02028,1-slow,cactus_large,256.0,2026-06-12T19:54:38
115,49.1,84.0,7150.0,7150.0,1,160,0.8878,17717,0.02133,1-slow,cactus_large,160.0,2026-06-12T19:54:39
116,40.5,84.0,7150.0,7150.0,0,132,0.887,17849,0.02077,1-slow,cactus_large,318.0,2026-06-12T19:54:40
117,49.8,84.0,7150.0,7150.0,1,162,0.8859,18011,0.0214,1-slow,cactus_large,315.0,2026-06-12T19:54:40
118,40.6,84.0,7150.0,7150.0,0,133,0.8851,18144,0.02111,1-slow,cactus_large,313.0,2026-06-12T19:54:41
119,40.2,84.0,7150.0,7150.0,0,131,0.8843,18275,0.02187,1-slow,cactus_small,317.0,2026-06-12T19:54:41
120,50.7,84.0,7150.0,7150.0,1,165,0.8832,18440,0.02141,1-slow,cactus_large,294.0,2026-06-12T19:54:42
121,40.5,84.0,7150.0,7150.0,0,132,0.8824,18572,0.02118,1-slow,cactus_large,276.0,2026-06-12T19:54:42
122,41.3,84.0,7150.0,7150.0,0,135,0.8815,18707,0.02275,1-slow,cactus_small,320.0,2026-06-12T19:54:42
123,74.1,84.0,7150.0,7150.0,3,238,0.88,18945,0.02172,1-slow,cactus_small,321.0,2026-06-12T19:54:43
124,51.0,84.0,7150.0,7150.0,1,166,0.879,19111,0.02182,1-slow,cactus_small,316.0,2026-06-12T19:54:44
125,79.6,84.0,7150.0,7150.0,4,255,0.8773,19366,0.02213,1-slow,cactus_small,310.0,2026-06-12T19:54:45
126,41.1,84.0,7150.0,7150.0,0,134,0.8765,19500,0.02234,1-slow,cactus_large,315.0,2026-06-12T19:54:45
127,51.3,84.0,7150.0,7150.0,1,167,0.8754,19667,0.02208,1-slow,cactus_small,302.0,2026-06-12T19:54:46
128,40.5,84.0,7150.0,7150.0,0,132,0.8746,19799,0.02254,1-slow,cactus_small,309.0,2026-06-12T19:54:46
129,48.3,84.0,7150.0,7150.0,1,157,0.8736,19956,0.02148,1-slow,cactus_small,313.0,2026-06-12T19:54:46
130,40.5,84.0,7150.0,7150.0,0,132,0.8728,20088,0.02303,1-slow,cactus_small,267.0,2026-06-12T19:54:47
131,76.7,84.0,7150.0,7150.0,4,246,0.8712,20334,0.02369,1-slow,cactus_small,295.0,2026-06-12T19:54:48
132,40.5,84.0,7150.0,7150.0,0,132,0.8704,20466,0.02504,1-slow,cactus_large,306.0,2026-06-12T19:54:48
133,40.5,84.0,7150.0,7150.0,0,132,0.8695,20598,0.02285,1-slow,cactus_large,314.0,2026-06-12T19:54:49
134,40.5,84.0,7150.0,7150.0,0,132,0.8687,20730,0.02223,1-slow,cactus_large,302.0,2026-06-12T19:54:49
135,85.9,85.9,7150.0,7150.0,5,274,0.867,21004,0.02345,1-slow,cactus_large,314.0,2026-06-12T19:54:50
136,40.5,85.9,7150.0,7150.0,0,132,0.8661,21136,0.0226,1-slow,cactus_small,315.0,2026-06-12T19:54:50
137,40.5,85.9,7150.0,7150.0,0,132,0.8653,21268,0.02013,1-slow,cactus_small,315.0,2026-06-12T19:54:51
138,69.4,85.9,7150.0,7150.0,3,223,0.8639,21491,0.02333,1-slow,cactus_small,313.0,2026-06-12T19:54:51
139,47.2,85.9,7150.0,7150.0,1,154,0.8629,21645,0.02476,1-slow,cactus_large,316.0,2026-06-12T19:54:52
140,51.6,85.9,7150.0,7150.0,1,168,0.8619,21813,0.0253,1-slow,cactus_large,323.0,2026-06-12T19:54:52
141,41.7,85.9,7150.0,7150.0,0,136,0.861,21949,0.02457,1-slow,cactus_small,304.0,2026-06-12T19:54:53
142,40.5,85.9,7150.0,7150.0,0,132,0.8602,22081,0.02518,1-slow,cactus_small,316.0,2026-06-12T19:54:53
143,40.8,85.9,7150.0,7150.0,0,133,0.8593,22214,0.02495,1-slow,cactus_large,288.0,2026-06-12T19:54:54
144,47.1,85.9,7150.0,7150.0,1,153,0.8583,22367,0.02471,1-slow,cactus_large,321.0,2026-06-12T19:54:54
145,40.5,85.9,7150.0,7150.0,0,132,0.8575,22499,0.02427,1-slow,cactus_small,315.0,2026-06-12T19:54:55
146,61.8,85.9,7150.0,7150.0,3,200,0.8562,22699,0.02427,1-slow,cactus_large,306.0,2026-06-12T19:54:55
147,40.6,85.9,7150.0,7150.0,0,133,0.8554,22832,0.02397,1-slow,cactus_large,311.0,2026-06-12T19:54:56
148,48.3,85.9,7150.0,7150.0,1,157,0.8544,22989,0.02448,1-slow,cactus_large,308.0,2026-06-12T19:54:56
149,40.5,85.9,7150.0,7150.0,0,132,0.8536,23121,0.02665,2-mid,cactus_small,8.0,2026-06-12T19:55:13
150,40.5,85.9,7150.0,7150.0,0,132,0.8527,23253,0.02542,2-mid,cactus_small,331.0,2026-06-12T19:55:13
151,40.8,85.9,7150.0,7150.0,0,133,0.8519,23386,0.02675,2-mid,cactus_small,322.0,2026-06-12T19:55:14
152,46.8,85.9,7150.0,7150.0,1,152,0.8509,23538,0.02576,2-mid,cactus_large,328.0,2026-06-12T19:55:14
153,40.5,85.9,7150.0,7150.0,0,132,0.8501,23670,0.0246,2-mid,cactus_large,232.0,2026-06-12T19:55:15
154,40.6,85.9,7150.0,7150.0,0,133,0.8492,23803,0.02448,2-mid,cactus_large,309.0,2026-06-12T19:55:15
155,40.5,85.9,7150.0,7150.0,0,132,0.8484,23935,0.0233,2-mid,cactus_large,315.0,2026-06-12T19:55:15
156,40.5,85.9,7150.0,7150.0,0,132,0.8476,24067,0.02473,2-mid,cactus_large,289.0,2026-06-12T19:55:16
157,40.6,85.9,7150.0,7150.0,0,133,0.8467,24200,0.02657,2-mid,cactus_large,322.0,2026-06-12T19:55:16
158,55.5,85.9,7150.0,7150.0,2,180,0.8456,24380,0.02446,2-mid,cactus_large,310.0,2026-06-12T19:55:17
159,47.1,85.9,7150.0,7150.0,1,153,0.8446,24533,0.02431,2-mid,cactus_small,304.0,2026-06-12T19:55:17
160,60.4,85.9,7150.0,7150.0,2,195,0.8434,24728,0.02505,2-mid,cactus_large,305.0,2026-06-12T19:55:18
161,40.5,85.9,7150.0,7150.0,0,132,0.8426,24860,0.02589,2-mid,cactus_small,319.0,2026-06-12T19:55:19
162,40.6,85.9,7150.0,7150.0,0,133,0.8417,24993,0.02411,2-mid,cactus_small,320.0,2026-06-12T19:55:19
163,64.4,85.9,7150.0,7150.0,2,208,0.8404,25201,0.02642,2-mid,cactus_large,247.0,2026-06-12T19:55:20
164,80.2,85.9,7150.0,7150.0,4,257,0.8388,25458,0.0252,2-mid,cactus_large,316.0,2026-06-12T19:55:21
165,41.6,85.9,7150.0,7150.0,0,136,0.8379,25594,0.02603,2-mid,cactus_large,322.0,2026-06-12T19:55:21
166,56.6,85.9,7150.0,7150.0,2,183,0.8367,25777,0.02747,2-mid,cactus_large,316.0,2026-06-12T19:55:22
167,62.0,85.9,7150.0,7150.0,3,200,0.8355,25977,0.02641,2-mid,cactus_large,316.0,2026-06-12T19:55:22
168,40.5,85.9,7150.0,7150.0,0,132,0.8346,26109,0.02669,2-mid,cactus_large,302.0,2026-06-12T19:55:23
169,40.5,85.9,7150.0,7150.0,0,132,0.8338,26241,0.02711,2-mid,cactus_small,311.0,2026-06-12T19:55:23
170,47.1,85.9,7150.0,7150.0,1,153,0.8328,26394,0.02803,2-mid,cactus_large,318.0,2026-06-12T19:55:24
171,41.1,85.9,7150.0,7150.0,0,134,0.832,26528,0.02514,2-mid,cactus_small,309.0,2026-06-12T19:55:24
172,47.1,85.9,7150.0,7150.0,1,153,0.831,26681,0.02677,2-mid,cactus_small,293.0,2026-06-12T19:55:25
173,40.5,85.9,7150.0,7150.0,0,132,0.8302,26813,0.02825,2-mid,cactus_small,313.0,2026-06-12T19:55:25
174,88.9,88.9,7150.0,7150.0,5,283,0.8284,27096,0.02791,2-mid,cactus_small,228.0,2026-06-12T19:55:26
175,68.7,88.9,7150.0,7150.0,4,221,0.827,27317,0.02892,2-mid,cactus_large,238.0,2026-06-12T19:55:27
176,40.5,88.9,7150.0,7150.0,0,132,0.8262,27449,0.02861,2-mid,cactus_large,320.0,2026-06-12T19:55:28
177,47.9,88.9,7150.0,7150.0,1,156,0.8252,27605,0.02807,2-mid,cactus_large,318.0,2026-06-12T19:55:28
178,53.4,88.9,7150.0,7150.0,1,173,0.8241,27778,0.02715,2-mid,cactus_large,327.0,2026-06-12T19:55:29
179,41.3,88.9,7150.0,7150.0,0,135,0.8232,27913,0.02672,2-mid,cactus_large,322.0,2026-06-12T19:55:29
180,47.1,88.9,7150.0,7150.0,1,153,0.8222,28066,0.02775,2-mid,cactus_large,332.0,2026-06-12T19:55:29
181,40.5,88.9,7150.0,7150.0,0,132,0.8214,28198,0.02711,2-mid,cactus_large,326.0,2026-06-12T19:55:30
182,41.4,88.9,7150.0,7150.0,0,135,0.8206,28333,0.02834,2-mid,cactus_large,306.0,2026-06-12T19:55:30
183,40.5,88.9,7150.0,7150.0,0,132,0.8197,28465,0.02935,2-mid,cactus_small,318.0,2026-06-12T19:55:31
184,40.5,88.9,7150.0,7150.0,0,132,0.8189,28597,0.02988,2-mid,cactus_small,325.0,2026-06-12T19:55:31
185,40.2,88.9,7150.0,7150.0,0,131,0.8181,28728,0.02887,2-mid,cactus_small,320.0,2026-06-12T19:55:31
186,62.3,88.9,7150.0,7150.0,3,201,0.8168,28929,0.02912,2-mid,cactus_small,316.0,2026-06-12T19:55:32
187,54.7,88.9,7150.0,7150.0,2,177,0.8157,29106,0.02842,2-mid,cactus_large,305.0,2026-06-12T19:55:33
188,40.5,88.9,7150.0,7150.0,0,132,0.8148,29238,0.02741,2-mid,cactus_large,323.0,2026-06-12T19:55:33
189,40.2,88.9,7150.0,7150.0,0,131,0.814,29369,0.03009,2-mid,cactus_small,289.0,2026-06-12T19:55:34
190,40.5,88.9,7150.0,7150.0,0,132,0.8132,29501,0.02812,2-mid,cactus_large,311.0,2026-06-12T19:55:34
191,46.1,88.9,7150.0,7150.0,1,150,0.8122,29651,0.02954,2-mid,cactus_small,292.0,2026-06-12T19:55:35
192,40.9,88.9,7150.0,7150.0,0,134,0.8114,29785,0.02986,2-mid,cactus_small,293.0,2026-06-12T19:55:35
193,48.3,88.9,7150.0,7150.0,1,157,0.8104,29942,0.02839,2-mid,cactus_large,322.0,2026-06-12T19:55:35
194,40.5,88.9,7150.0,7150.0,0,132,0.8095,30074,0.03065,2-mid,cactus_large,299.0,2026-06-12T19:55:36
195,41.1,88.9,7150.0,7150.0,0,134,0.8087,30208,0.02662,2-mid,cactus_small,297.0,2026-06-12T19:55:36
196,79.7,88.9,7150.0,7150.0,5,255,0.8071,30463,0.02907,2-mid,cactus_large,291.0,2026-06-12T19:55:37
197,63.1,88.9,7150.0,7150.0,2,204,0.8058,30667,0.0291,2-mid,cactus_large,277.0,2026-06-12T19:55:38
198,40.2,88.9,7150.0,7150.0,0,131,0.8049,30798,0.02909,2-mid,cactus_small,296.0,2026-06-12T19:55:38
199,58.8,88.9,1340.2,7150.0,2,190,0.8037,30988,0.02749,2-mid,cactus_small,55.0,2026-06-12T19:55:42
200,40.5,88.9,1340.2,7150.0,0,132,0.8029,31120,0.02976,2-mid,cactus_large,338.0,2026-06-12T19:55:42
201,72.0,88.9,1340.2,7150.0,4,231,0.8014,31351,0.03,2-mid,cactus_small,327.0,2026-06-12T19:55:43
202,42.3,88.9,1340.2,7150.0,0,138,0.8006,31489,0.03036,2-mid,cactus_small,335.0,2026-06-12T19:55:43
203,61.2,88.9,1340.2,7150.0,2,198,0.7993,31687,0.02969,2-mid,cactus_large,273.0,2026-06-12T19:55:44
204,42.0,88.9,1340.2,7150.0,0,137,0.7984,31824,0.03144,2-mid,cactus_small,303.0,2026-06-12T19:55:45
205,40.2,88.9,1340.2,7150.0,0,131,0.7976,31955,0.03077,2-mid,cactus_small,343.0,2026-06-12T19:55:45
206,40.5,88.9,1340.2,7150.0,0,132,0.7968,32087,0.02947,2-mid,cactus_large,340.0,2026-06-12T19:55:45
207,64.1,88.9,1340.2,7150.0,3,207,0.7955,32294,0.03112,2-mid,cactus_large,330.0,2026-06-12T19:55:46
208,118.3,118.3,1340.2,7150.0,9,372,0.7931,32666,0.02926,2-mid,cactus_large,341.0,2026-06-12T19:55:47
209,55.5,118.3,1340.2,7150.0,2,180,0.792,32846,0.03084,2-mid,cactus_small,339.0,2026-06-12T19:55:48
210,56.3,118.3,1340.2,7150.0,2,182,0.7908,33028,0.03217,2-mid,cactus_small,343.0,2026-06-12T19:55:48
211,40.5,118.3,1340.2,7150.0,0,132,0.79,33160,0.03201,2-mid,cactus_large,335.0,2026-06-12T19:55:48
212,41.3,118.3,1340.2,7150.0,0,135,0.7891,33295,0.0323,2-mid,cactus_large,262.0,2026-06-12T19:55:49
213,42.0,118.3,1340.2,7150.0,0,137,0.7883,33432,0.0319,2-mid,cactus_small,317.0,2026-06-12T19:55:49
214,102.6,118.3,1340.2,7150.0,7,325,0.7862,33757,0.03261,2-mid,cactus_large,329.0,2026-06-12T19:55:50
215,48.5,118.3,1340.2,7150.0,1,158,0.7852,33915,0.02884,2-mid,cactus_small,324.0,2026-06-12T19:55:51
216,54.7,118.3,1340.2,7150.0,1,177,0.7841,34092,0.03386,2-mid,cactus_small,165.0,2026-06-12T19:55:52
217,40.5,118.3,1340.2,7150.0,0,132,0.7832,34224,0.0343,2-mid,cactus_small,326.0,2026-06-12T19:55:52
218,64.6,118.3,1340.2,7150.0,2,208,0.7819,34432,0.03137,2-mid,cactus_small,306.0,2026-06-12T19:55:53
219,41.6,118.3,1340.2,7150.0,0,136,0.7811,34568,0.03114,2-mid,cactus_small,312.0,2026-06-12T19:55:53
220,88.4,118.3,1340.2,7150.0,6,282,0.7793,34850,0.03374,2-mid,cactus_large,264.0,2026-06-12T19:55:55
221,80.2,118.3,1340.2,7150.0,4,257,0.7777,35107,0.03342,2-mid,cactus_large,344.0,2026-06-12T19:55:55
222,48.6,118.3,1340.2,7150.0,1,158,0.7767,35265,0.03365,2-mid,cactus_large,331.0,2026-06-12T19:55:56
223,66.8,118.3,1340.2,7150.0,4,215,0.7753,35480,0.03498,2-mid,cactus_large,330.0,2026-06-12T19:55:56
224,76.2,118.3,1340.2,7150.0,4,244,0.7737,35724,0.03304,2-mid,cactus_small,346.0,2026-06-12T19:55:57
225,161.3,161.3,1340.2,7150.0,14,497,0.7706,36221,0.03451,2-mid,cactus_small,310.0,2026-06-12T19:55:59
226,55.8,161.3,1340.2,7150.0,1,181,0.7695,36402,0.03424,2-mid,cactus_large,333.0,2026-06-12T19:55:59
227,40.5,161.3,1340.2,7150.0,0,132,0.7686,36534,0.03484,2-mid,cactus_large,309.0,2026-06-12T19:56:00
228,47.7,161.3,1340.2,7150.0,1,155,0.7676,36689,0.03389,2-mid,cactus_small,338.0,2026-06-12T19:56:00
229,40.5,161.3,1340.2,7150.0,0,132,0.7668,36821,0.03494,2-mid,cactus_large,339.0,2026-06-12T19:56:01
230,40.5,161.3,1340.2,7150.0,0,132,0.766,36953,0.03472,2-mid,cactus_large,346.0,2026-06-12T19:56:01
231,48.5,161.3,1340.2,7150.0,1,158,0.765,37111,0.03574,2-mid,cactus_small,335.0,2026-06-12T19:56:01
232,127.3,161.3,1340.2,7150.0,9,398,0.7624,37509,0.03616,2-mid,cactus_large,323.0,2026-06-12T19:56:03
233,40.6,161.3,1340.2,7150.0,0,133,0.7616,37642,0.03586,2-mid,cactus_small,340.0,2026-06-12T19:56:03
234,40.3,161.3,1340.2,7150.0,0,132,0.7608,37774,0.03585,2-mid,cactus_large,328.0,2026-06-12T19:56:03
235,58.0,161.3,1340.2,7150.0,2,188,0.7596,37962,0.03496,2-mid,cactus_large,326.0,2026-06-12T19:56:04
236,40.5,161.3,1340.2,7150.0,0,132,0.7587,38094,0.03626,2-mid,cactus_large,341.0,2026-06-12T19:56:04
237,40.5,161.3,1340.2,7150.0,0,132,0.7579,38226,0.0378,2-mid,cactus_large,336.0,2026-06-12T19:56:05
238,65.2,161.3,1340.2,7150.0,3,210,0.7566,38436,0.03578,2-mid,cactus_large,328.0,2026-06-12T19:56:05
239,58.3,161.3,1340.2,7150.0,2,189,0.7554,38625,0.03631,2-mid,cactus_large,329.0,2026-06-12T19:56:06
240,63.3,161.3,1340.2,7150.0,2,204,0.7541,38829,0.03776,2-mid,cactus_large,319.0,2026-06-12T19:56:07
241,40.5,161.3,1340.2,7150.0,0,132,0.7532,38961,0.03894,2-mid,cactus_large,320.0,2026-06-12T19:56:07
242,48.6,161.3,1340.2,7150.0,1,158,0.7522,39119,0.03711,2-mid,cactus_small,323.0,2026-06-12T19:56:08
243,40.6,161.3,1340.2,7150.0,0,133,0.7514,39252,0.03383,2-mid,cactus_small,310.0,2026-06-12T19:56:08
244,54.0,161.3,1340.2,7150.0,2,175,0.7503,39427,0.03762,2-mid,cactus_large,320.0,2026-06-12T19:56:09
245,51.6,161.3,1340.2,7150.0,1,168,0.7492,39595,0.03735,2-mid,cactus_large,324.0,2026-06-12T19:56:09
246,112.1,161.3,1340.2,7150.0,8,353,0.747,39948,0.03943,2-mid,cactus_small,319.0,2026-06-12T19:56:10
247,40.5,161.3,1340.2,7150.0,0,132,0.7462,40080,0.03442,2-mid,cactus_large,323.0,2026-06-12T19:56:11
248,48.6,161.3,1340.2,7150.0,1,158,0.7452,40238,0.03882,2-mid,cactus_large,326.0,2026-06-12T19:56:11
249,40.8,161.3,949.4,7150.0,0,133,0.7443,40371,0.03798,2-mid,cactus_small,54.0,2026-06-12T19:56:14
250,56.7,161.3,949.4,7150.0,2,184,0.7432,40555,0.03777,2-mid,cactus_large,251.0,2026-06-12T19:56:14
251,81.4,161.3,949.4,7150.0,4,260,0.7415,40815,0.03812,2-mid,cactus_small,293.0,2026-06-12T19:56:15
252,40.6,161.3,949.4,7150.0,0,133,0.7407,40948,0.0396,2-mid,cactus_small,137.0,2026-06-12T19:56:16
253,126.1,161.3,949.4,7150.0,9,395,0.7382,41343,0.03882,2-mid,cactus_large,295.0,2026-06-12T19:56:17
254,67.3,161.3,949.4,7150.0,3,217,0.7368,41560,0.03972,2-mid,cactus_small,323.0,2026-06-12T19:56:18
255,72.6,161.3,949.4,7150.0,4,233,0.7353,41793,0.03774,2-mid,cactus_small,327.0,2026-06-12T19:56:19
256,41.9,161.3,949.4,7150.0,0,137,0.7344,41930,0.03966,2-mid,cactus_small,321.0,2026-06-12T19:56:19
257,40.5,161.3,949.4,7150.0,0,132,0.7336,42062,0.03858,2-mid,cactus_large,314.0,2026-06-12T19:56:20
258,78.1,161.3,949.4,7150.0,4,250,0.732,42312,0.03836,2-mid,cactus_large,318.0,2026-06-12T19:56:20
259,85.9,161.3,949.4,7150.0,5,274,0.7303,42586,0.03991,2-mid,cactus_small,323.0,2026-06-12T19:56:21
260,41.7,161.3,949.4,7150.0,0,136,0.7294,42722,0.04228,2-mid,cactus_large,319.0,2026-06-12T19:56:22
261,55.0,161.3,949.4,7150.0,2,178,0.7283,42900,0.03843,2-mid,cactus_large,320.0,2026-06-12T19:56:22
262,100.6,161.3,949.4,7150.0,8,319,0.7263,43219,0.04104,2-mid,cactus_small,313.0,2026-06-12T19:56:23
263,123.7,161.3,949.4,7150.0,9,388,0.7238,43607,0.04032,2-mid,cactus_small,318.0,2026-06-12T19:56:25
264,62.0,161.3,949.4,7150.0,2,200,0.7226,43807,0.0392,2-mid,cactus_large,318.0,2026-06-12T19:56:25
265,41.6,161.3,949.4,7150.0,0,136,0.7217,43943,0.03961,2-mid,cactus_small,150.0,2026-06-12T19:56:26
266,49.4,161.3,949.4,7150.0,1,161,0.7207,44104,0.04383,2-mid,cactus_small,310.0,2026-06-12T19:56:27
267,88.9,161.3,949.4,7150.0,5,283,0.7189,44387,0.04261,2-mid,cactus_large,325.0,2026-06-12T19:56:27
268,71.3,161.3,949.4,7150.0,4,229,0.7174,44616,0.04185,2-mid,cactus_small,331.0,2026-06-12T19:56:28
269,67.9,161.3,949.4,7150.0,3,219,0.716,44835,0.03993,2-mid,cactus_large,321.0,2026-06-12T19:56:29
270,41.4,161.3,949.4,7150.0,0,135,0.7152,44970,0.04211,2-mid,cactus_large,327.0,2026-06-12T19:56:29
271,102.3,161.3,949.4,7150.0,8,324,0.7131,45294,0.04179,2-mid,cactus_large,327.0,2026-06-12T19:56:30
272,75.8,161.3,949.4,7150.0,3,243,0.7116,45537,0.04325,2-mid,cactus_small,316.0,2026-06-12T19:56:31
273,40.5,161.3,949.4,7150.0,0,132,0.7108,45669,0.04313,2-mid,cactus_large,323.0,2026-06-12T19:56:31
274,57.4,161.3,949.4,7150.0,2,186,0.7096,45855,0.04335,2-mid,cactus_large,326.0,2026-06-12T19:56:32
275,113.1,161.3,949.4,7150.0,9,356,0.7073,46211,0.04343,2-mid,cactus_large,324.0,2026-06-12T19:56:33
276,40.5,161.3,949.4,7150.0,0,132,0.7065,46343,0.04619,2-mid,cactus_small,328.0,2026-06-12T19:56:33
277,41.3,161.3,949.4,7150.0,0,135,0.7056,46478,0.04276,2-mid,cactus_small,330.0,2026-06-12T19:56:34
278,40.5,161.3,949.4,7150.0,0,132,0.7048,46610,0.04227,2-mid,cactus_large,330.0,2026-06-12T19:56:34
279,55.3,161.3,949.4,7150.0,1,179,0.7037,46789,0.04241,2-mid,cactus_large,327.0,2026-06-12T19:56:35
280,59.1,161.3,949.4,7150.0,2,191,0.7025,46980,0.04327,2-mid,cactus_large,327.0,2026-06-12T19:56:35
281,50.2,161.3,949.4,7150.0,1,163,0.7014,47143,0.04239,2-mid,cactus_small,319.0,2026-06-12T19:56:36
282,40.5,161.3,949.4,7150.0,0,132,0.7006,47275,0.04376,2-mid,cactus_small,320.0,2026-06-12T19:56:36
283,77.0,161.3,949.4,7150.0,4,247,0.699,47522,0.04611,2-mid,cactus_small,329.0,2026-06-12T19:56:37
284,40.5,161.3,949.4,7150.0,0,132,0.6982,47654,0.04182,2-mid,cactus_small,305.0,2026-06-12T19:56:38
285,148.9,161.3,949.4,7150.0,12,461,0.6953,48115,0.0454,2-mid,cactus_large,322.0,2026-06-12T19:56:39
286,48.3,161.3,949.4,7150.0,1,157,0.6943,48272,0.0445,2-mid,cactus_large,320.0,2026-06-12T19:56:39
287,40.5,161.3,949.4,7150.0,0,132,0.6934,48404,0.04402,2-mid,cactus_large,315.0,2026-06-12T19:56:40
288,67.6,161.3,949.4,7150.0,3,218,0.6921,48622,0.04388,2-mid,cactus_small,327.0,2026-06-12T19:56:41
289,74.2,161.3,949.4,7150.0,4,238,0.6906,48860,0.04395,2-mid,cactus_large,325.0,2026-06-12T19:56:41
290,57.2,161.3,949.4,7150.0,2,185,0.6894,49045,0.04708,2-mid,cactus_small,320.0,2026-06-12T19:56:42
291,40.5,161.3,949.4,7150.0,0,132,0.6885,49177,0.04895,2-mid,cactus_large,326.0,2026-06-12T19:56:42
292,69.5,161.3,949.4,7150.0,3,224,0.6871,49401,0.04368,2-mid,cactus_large,328.0,2026-06-12T19:56:43
293,79.3,161.3,949.4,7150.0,4,254,0.6855,49655,0.04662,2-mid,cactus_small,327.0,2026-06-12T19:56:44
294,69.9,161.3,949.4,7150.0,3,225,0.6841,49880,0.04908,2-mid,cactus_small,330.0,2026-06-12T19:56:44
295,49.0,161.3,949.4,7150.0,1,159,0.6831,50039,0.04906,2-mid,cactus_small,331.0,2026-06-12T19:56:45
296,40.5,161.3,949.4,7150.0,0,132,0.6823,50171,0.04878,2-mid,cactus_small,332.0,2026-06-12T19:56:45
297,41.4,161.3,949.4,7150.0,0,135,0.6814,50306,0.04505,2-mid,cactus_large,317.0,2026-06-12T19:56:46
298,41.7,161.3,949.4,7150.0,0,136,0.6805,50442,0.04785,2-mid,cactus_large,333.0,2026-06-12T19:56:46
299,57.7,161.3,1013.8,7150.0,2,187,0.6793,50629,0.04595,3-full-speed,cactus_small,67.0,2026-06-12T19:56:49
300,52.9,161.3,1013.8,7150.0,1,172,0.6783,50801,0.04938,3-full-speed,cactus_small,325.0,2026-06-12T19:56:49
301,56.4,161.3,1013.8,7150.0,2,183,0.6771,50984,0.04665,3-full-speed,cactus_small,328.0,2026-06-12T19:56:50
302,56.6,161.3,1013.8,7150.0,2,183,0.6759,51167,0.04863,3-full-speed,cactus_small,323.0,2026-06-12T19:56:51
303,41.1,161.3,1013.8,7150.0,0,134,0.6751,51301,0.05012,3-full-speed,cactus_small,327.0,2026-06-12T19:56:51
304,73.7,161.3,1013.8,7150.0,4,237,0.6736,51538,0.04765,3-full-speed,cactus_small,325.0,2026-06-12T19:56:52
305,40.2,161.3,1013.8,7150.0,0,131,0.6728,51669,0.04832,3-full-speed,cactus_small,326.0,2026-06-12T19:56:52
306,40.5,161.3,1013.8,7150.0,0,132,0.6719,51801,0.04693,3-full-speed,cactus_large,326.0,2026-06-12T19:56:52
307,40.5,161.3,1013.8,7150.0,0,132,0.6711,51933,0.05157,3-full-speed,cactus_small,327.0,2026-06-12T19:56:53
308,145.8,161.3,1013.8,7150.0,13,452,0.6682,52385,0.04985,3-full-speed,cactus_small,308.0,2026-06-12T19:56:54
309,78.0,161.3,1013.8,7150.0,4,250,0.6666,52635,0.05095,3-full-speed,cactus_small,303.0,2026-06-12T19:56:55
310,48.8,161.3,1013.8,7150.0,1,159,0.6656,52794,0.05197,3-full-speed,cactus_small,303.0,2026-06-12T19:56:56
311,40.5,161.3,1013.8,7150.0,0,132,0.6648,52926,0.05017,3-full-speed,cactus_small,300.0,2026-06-12T19:56:56
312,80.6,161.3,1013.8,7150.0,5,258,0.6632,53184,0.04997,3-full-speed,cactus_large,317.0,2026-06-12T19:56:57
313,48.0,161.3,1013.8,7150.0,1,156,0.6622,53340,0.05008,3-full-speed,cactus_small,321.0,2026-06-12T19:56:57
314,40.5,161.3,1013.8,7150.0,0,132,0.6613,53472,0.04857,3-full-speed,cactus_large,326.0,2026-06-12T19:56:58
315,41.9,161.3,1013.8,7150.0,0,137,0.6605,53609,0.04881,3-full-speed,cactus_small,313.0,2026-06-12T19:56:58
316,124.8,161.3,1013.8,7150.0,10,391,0.658,54000,0.05076,3-full-speed,cactus_large,321.0,2026-06-12T19:57:00
317,41.1,161.3,1013.8,7150.0,0,134,0.6572,54134,0.04758,3-full-speed,cactus_small,311.0,2026-06-12T19:57:00
318,58.3,161.3,1013.8,7150.0,2,189,0.656,54323,0.05003,3-full-speed,cactus_small,264.0,2026-06-12T19:57:01
319,49.0,161.3,1013.8,7150.0,1,159,0.6549,54482,0.04781,3-full-speed,cactus_large,305.0,2026-06-12T19:57:01
320,63.9,161.3,1013.8,7150.0,2,206,0.6536,54688,0.04928,3-full-speed,cactus_small,323.0,2026-06-12T19:57:02
321,67.3,161.3,1013.8,7150.0,4,217,0.6523,54905,0.05242,3-full-speed,cactus_small,304.0,2026-06-12T19:57:03
322,63.9,161.3,1013.8,7150.0,2,206,0.651,55111,0.04747,3-full-speed,cactus_large,318.0,2026-06-12T19:57:03
323,61.0,161.3,1013.8,7150.0,3,197,0.6497,55308,0.0503,3-full-speed,cactus_large,319.0,2026-06-12T19:57:04
324,60.1,161.3,1013.8,7150.0,2,194,0.6485,55502,0.04916,3-full-speed,cactus_small,325.0,2026-06-12T19:57:04
325,56.3,161.3,1013.8,7150.0,2,182,0.6473,55684,0.04843,3-full-speed,cactus_small,329.0,2026-06-12T19:57:05
326,57.4,161.3,1013.8,7150.0,2,186,0.6462,55870,0.0551,3-full-speed,cactus_large,313.0,2026-06-12T19:57:06
327,185.3,185.3,1013.8,7150.0,18,565,0.6426,56435,0.05165,3-full-speed,cactus_large,303.0,2026-06-12T19:57:07
328,40.5,185.3,1013.8,7150.0,0,132,0.6417,56567,0.05414,3-full-speed,cactus_small,294.0,2026-06-12T19:57:08
329,51.6,185.3,1013.8,7150.0,1,168,0.6407,56735,0.0522,3-full-speed,cactus_small,303.0,2026-06-12T19:57:08
330,41.3,185.3,1013.8,7150.0,0,135,0.6398,56870,0.05166,3-full-speed,cactus_large,291.0,2026-06-12T19:57:09
331,95.2,185.3,1013.8,7150.0,6,302,0.6379,57172,0.05072,3-full-speed,cactus_small,301.0,2026-06-12T19:57:10
332,41.9,185.3,1013.8,7150.0,0,137,0.637,57309,0.05018,3-full-speed,cactus_small,318.0,2026-06-12T19:57:10
333,70.5,185.3,1013.8,7150.0,3,227,0.6356,57536,0.05243,3-full-speed,cactus_small,295.0,2026-06-12T19:57:11
334,71.2,185.3,1013.8,7150.0,3,229,0.6342,57765,0.05291,3-full-speed,cactus_small,313.0,2026-06-12T19:57:12
335,50.2,185.3,1013.8,7150.0,1,163,0.6331,57928,0.05581,3-full-speed,cactus_small,325.0,2026-06-12T19:57:12
336,84.5,185.3,1013.8,7150.0,5,270,0.6314,58198,0.051,3-full-speed,cactus_small,324.0,2026-06-12T19:57:13
337,49.6,185.3,1013.8,7150.0,1,161,0.6304,58359,0.04919,3-full-speed,cactus_small,315.0,2026-06-12T19:57:14
338,58.3,185.3,1013.8,7150.0,2,189,0.6292,58548,0.05368,3-full-speed,cactus_small,308.0,2026-06-12T19:57:14
339,96.0,185.3,1013.8,7150.0,6,305,0.6273,58853,0.0507,3-full-speed,cactus_large,320.0,2026-06-12T19:57:15
340,104.4,185.3,1013.8,7150.0,8,330,0.6252,59183,0.05245,3-full-speed,cactus_large,296.0,2026-06-12T19:57:16
341,66.6,185.3,1013.8,7150.0,3,215,0.6238,59398,0.05206,3-full-speed,cactus_small,305.0,2026-06-12T19:57:17
342,40.2,185.3,1013.8,7150.0,0,131,0.623,59529,0.05173,3-full-speed,cactus_small,318.0,2026-06-12T19:57:17
343,64.2,185.3,1013.8,7150.0,2,207,0.6217,59736,0.05281,3-full-speed,cactus_small,314.0,2026-06-12T19:57:18
344,69.1,185.3,1013.8,7150.0,4,222,0.6203,59958,0.05239,3-full-speed,cactus_small,306.0,2026-06-12T19:57:19
345,97.0,185.3,1013.8,7150.0,6,308,0.6183,60266,0.05227,3-full-speed,cactus_small,306.0,2026-06-12T19:57:20
346,48.5,185.3,1013.8,7150.0,1,158,0.6173,60424,0.05071,3-full-speed,cactus_large,319.0,2026-06-12T19:57:20
347,70.8,185.3,1013.8,7150.0,3,228,0.6159,60652,0.05424,3-full-speed,cactus_large,317.0,2026-06-12T19:57:21
348,81.7,185.3,1013.8,7150.0,6,261,0.6142,60913,0.05262,3-full-speed,cactus_small,310.0,2026-06-12T19:57:22
349,103.6,185.3,3374.9,7150.0,7,328,0.6121,61241,0.05298,3-full-speed,cactus_small,49.0,2026-06-12T19:57:29
350,46.8,185.3,3374.9,7150.0,1,152,0.6112,61393,0.05138,3-full-speed,cactus_small,311.0,2026-06-12T19:57:29
351,40.9,185.3,3374.9,7150.0,0,134,0.6103,61527,0.05295,3-full-speed,cactus_small,313.0,2026-06-12T19:57:29
352,80.6,185.3,3374.9,7150.0,4,258,0.6087,61785,0.05644,3-full-speed,cactus_large,310.0,2026-06-12T19:57:30
353,40.5,185.3,3374.9,7150.0,0,132,0.6079,61917,0.05811,3-full-speed,cactus_large,320.0,2026-06-12T19:57:31
354,55.5,185.3,3374.9,7150.0,2,180,0.6067,62097,0.05755,3-full-speed,cactus_large,316.0,2026-06-12T19:57:31
355,41.3,185.3,3374.9,7150.0,0,135,0.6059,62232,0.04995,3-full-speed,cactus_small,319.0,2026-06-12T19:57:32
356,69.2,185.3,3374.9,7150.0,3,223,0.6045,62455,0.05793,3-full-speed,cactus_small,319.0,2026-06-12T19:57:32
357,40.5,185.3,3374.9,7150.0,0,132,0.6036,62587,0.05191,3-full-speed,cactus_large,319.0,2026-06-12T19:57:33
358,89.9,185.3,3374.9,7150.0,5,286,0.6018,62873,0.05259,3-full-speed,cactus_large,309.0,2026-06-12T19:57:34
359,41.4,185.3,3374.9,7150.0,0,135,0.6009,63008,0.05438,3-full-speed,cactus_small,310.0,2026-06-12T19:57:34
360,49.3,185.3,3374.9,7150.0,1,160,0.5999,63168,0.05639,3-full-speed,cactus_large,319.0,2026-06-12T19:57:35
361,49.1,185.3,3374.9,7150.0,1,160,0.5989,63328,0.05914,3-full-speed,cactus_small,312.0,2026-06-12T19:57:35
362,85.8,185.3,3374.9,7150.0,5,274,0.5972,63602,0.05851,3-full-speed,cactus_large,322.0,2026-06-12T19:57:36
363,107.4,185.3,3374.9,7150.0,8,339,0.595,63941,0.05692,3-full-speed,cactus_large,312.0,2026-06-12T19:57:37
364,96.6,185.3,3374.9,7150.0,6,307,0.5931,64248,0.05604,3-full-speed,cactus_small,319.0,2026-06-12T19:57:38
365,77.3,185.3,3374.9,7150.0,4,248,0.5915,64496,0.05829,3-full-speed,cactus_small,315.0,2026-06-12T19:57:39
366,113.8,185.3,3374.9,7150.0,9,358,0.5893,64854,0.05684,3-full-speed,cactus_small,313.0,2026-06-12T19:57:40
367,56.9,185.3,3374.9,7150.0,2,184,0.5881,65038,0.05716,3-full-speed,cactus_small,314.0,2026-06-12T19:57:41
368,53.4,185.3,3374.9,7150.0,1,173,0.587,65211,0.05764,3-full-speed,cactus_small,314.0,2026-06-12T19:57:41
369,41.9,185.3,3374.9,7150.0,0,137,0.5861,65348,0.05949,3-full-speed,cactus_small,316.0,2026-06-12T19:57:42
370,80.4,185.3,3374.9,7150.0,4,257,0.5845,65605,0.05644,3-full-speed,cactus_large,315.0,2026-06-12T19:57:42
371,40.5,185.3,3374.9,7150.0,0,132,0.5837,65737,0.05731,3-full-speed,cactus_large,326.0,2026-06-12T19:57:43
372,104.9,185.3,3374.9,7150.0,7,332,0.5816,66069,0.05734,3-full-speed,cactus_large,321.0,2026-06-12T19:57:44
373,71.2,185.3,3374.9,7150.0,2,229,0.5801,66298,0.05897,3-full-speed,cactus_large,313.0,2026-06-12T19:57:45
374,48.6,185.3,3374.9,7150.0,1,158,0.5791,66456,0.05842,3-full-speed,cactus_large,306.0,2026-06-12T19:57:45
375,41.7,185.3,3374.9,7150.0,0,136,0.5783,66592,0.05697,3-full-speed,cactus_small,324.0,2026-06-12T19:57:45
376,41.4,185.3,3374.9,7150.0,0,135,0.5774,66727,0.05915,3-full-speed,cactus_small,323.0,2026-06-12T19:57:46
377,55.0,185.3,3374.9,7150.0,1,178,0.5763,66905,0.05563,3-full-speed,cactus_large,319.0,2026-06-12T19:57:46
378,55.6,185.3,3374.9,7150.0,2,180,0.5751,67085,0.05624,3-full-speed,cactus_small,320.0,2026-06-12T19:57:47
379,49.3,185.3,3374.9,7150.0,1,160,0.5741,67245,0.05863,3-full-speed,cactus_large,312.0,2026-06-12T19:57:48
380,151.3,185.3,3374.9,7150.0,12,468,0.5712,67713,0.05919,3-full-speed,cactus_small,317.0,2026-06-12T19:57:49
381,142.4,185.3,3374.9,7150.0,12,442,0.5684,68155,0.05925,3-full-speed,cactus_small,310.0,2026-06-12T19:57:50
382,40.9,185.3,3374.9,7150.0,0,134,0.5675,68289,0.06064,3-full-speed,cactus_large,321.0,2026-06-12T19:57:51
383,40.8,185.3,3374.9,7150.0,0,133,0.5667,68422,0.05951,3-full-speed,cactus_large,317.0,2026-06-12T19:57:51
384,112.5,185.3,3374.9,7150.0,8,354,0.5644,68776,0.05958,3-full-speed,cactus_small,300.0,2026-06-12T19:57:52
385,70.0,185.3,3374.9,7150.0,4,225,0.563,69001,0.06082,3-full-speed,cactus_large,310.0,2026-06-12T19:57:53
386,120.7,185.3,3374.9,7150.0,10,379,0.5606,69380,0.05786,3-full-speed,cactus_large,305.0,2026-06-12T19:57:54
387,207.6,207.6,3374.9,7150.0,18,627,0.5566,70007,0.05667,3-full-speed,cactus_large,301.0,2026-06-12T19:57:57
388,95.5,207.6,3374.9,7150.0,6,303,0.5547,70310,0.05763,3-full-speed,cactus_small,319.0,2026-06-12T19:57:57
389,56.6,207.6,3374.9,7150.0,2,183,0.5535,70493,0.06009,3-full-speed,cactus_large,309.0,2026-06-12T19:57:58
390,40.5,207.6,3374.9,7150.0,0,132,0.5527,70625,0.05874,3-full-speed,cactus_small,295.0,2026-06-12T19:57:59
391,71.5,207.6,3374.9,7150.0,3,230,0.5513,70855,0.06095,3-full-speed,cactus_small,308.0,2026-06-12T19:57:59
392,79.1,207.6,3374.9,7150.0,4,253,0.5496,71108,0.05862,3-full-speed,cactus_small,303.0,2026-06-12T19:58:00
393,70.7,207.6,3374.9,7150.0,3,227,0.5482,71335,0.06106,3-full-speed,cactus_large,312.0,2026-06-12T19:58:01
394,41.3,207.6,3374.9,7150.0,0,135,0.5474,71470,0.06368,3-full-speed,cactus_large,317.0,2026-06-12T19:58:01
395,70.7,207.6,3374.9,7150.0,3,227,0.5459,71697,0.05746,3-full-speed,cactus_large,316.0,2026-06-12T19:58:02
396,41.1,207.6,3374.9,7150.0,0,134,0.5451,71831,0.06346,3-full-speed,cactus_small,314.0,2026-06-12T19:58:02
397,56.4,207.6,3374.9,7150.0,2,183,0.5439,72014,0.05993,3-full-speed,cactus_small,319.0,2026-06-12T19:58:03
398,77.1,207.6,3374.9,7150.0,3,247,0.5423,72261,0.05884,3-full-speed,cactus_small,314.0,2026-06-12T19:58:04
399,112.3,207.6,3670.1,7150.0,7,354,0.5401,72615,0.06083,3-full-speed,cactus_small,50.0,2026-06-12T19:58:11
400,95.3,207.6,3670.1,7150.0,7,303,0.5382,72918,0.06197,3-full-speed,cactus_large,304.0,2026-06-12T19:58:12
401,41.7,207.6,3670.1,7150.0,0,136,0.5373,73054,0.06069,3-full-speed,cactus_large,284.0,2026-06-12T19:58:12
402,45.8,207.6,3670.1,7150.0,1,149,0.5364,73203,0.06452,3-full-speed,cactus_large,293.0,2026-06-12T19:58:13
403,40.5,207.6,3670.1,7150.0,0,132,0.5355,73335,0.06425,3-full-speed,cactus_large,301.0,2026-06-12T19:58:13
404,40.5,207.6,3670.1,7150.0,0,132,0.5347,73467,0.06309,3-full-speed,cactus_large,303.0,2026-06-12T19:58:14
405,98.5,207.6,3670.1,7150.0,6,312,0.5327,73779,0.06219,3-full-speed,cactus_small,304.0,2026-06-12T19:58:15
406,72.6,207.6,3670.1,7150.0,4,233,0.5313,74012,0.05766,3-full-speed,cactus_small,308.0,2026-06-12T19:58:15
407,40.9,207.6,3670.1,7150.0,0,134,0.5304,74146,0.06122,3-full-speed,cactus_large,318.0,2026-06-12T19:58:16
408,75.4,207.6,3670.1,7150.0,5,242,0.5289,74388,0.06445,3-full-speed,cactus_small,258.0,2026-06-12T19:58:17
409,40.5,207.6,3670.1,7150.0,0,132,0.528,74520,0.06146,3-full-speed,cactus_small,303.0,2026-06-12T19:58:17
410,40.5,207.6,3670.1,7150.0,0,132,0.5272,74652,0.0592,3-full-speed,cactus_small,313.0,2026-06-12T19:58:18
411,139.8,207.6,3670.1,7150.0,11,435,0.5244,75087,0.06091,3-full-speed,cactus_large,309.0,2026-06-12T19:58:19
412,40.9,207.6,3670.1,7150.0,0,134,0.5236,75221,0.0632,3-full-speed,cactus_large,315.0,2026-06-12T19:58:19
413,41.3,207.6,3670.1,7150.0,0,135,0.5227,75356,0.0585,3-full-speed,cactus_large,306.0,2026-06-12T19:58:20
414,58.5,207.6,3670.1,7150.0,2,189,0.5215,75545,0.06374,3-full-speed,cactus_small,304.0,2026-06-12T19:58:21
415,40.9,207.6,3670.1,7150.0,0,134,0.5207,75679,0.06492,3-full-speed,cactus_large,310.0,2026-06-12T19:58:21
416,84.0,207.6,3670.1,7150.0,4,268,0.519,75947,0.0626,3-full-speed,cactus_large,321.0,2026-06-12T19:58:22
417,96.5,207.6,3670.1,7150.0,7,306,0.5171,76253,0.06308,3-full-speed,cactus_small,315.0,2026-06-12T19:58:23
418,134.3,207.6,3670.1,7150.0,9,419,0.5144,76672,0.06156,3-full-speed,cactus_large,297.0,2026-06-12T19:58:24
419,84.3,207.6,3670.1,7150.0,5,269,0.5127,76941,0.06284,3-full-speed,cactus_small,300.0,2026-06-12T19:58:25
420,144.6,207.6,3670.1,7150.0,11,449,0.5099,77390,0.05993,3-full-speed,cactus_large,314.0,2026-06-12T19:58:27
421,40.5,207.6,3670.1,7150.0,0,132,0.509,77522,0.05998,3-full-speed,cactus_small,319.0,2026-06-12T19:58:27
422,156.0,207.6,3670.1,7150.0,13,482,0.506,78004,0.06193,3-full-speed,cactus_large,322.0,2026-06-12T19:58:28
423,117.8,207.6,3670.1,7150.0,8,370,0.5036,78374,0.06181,3-full-speed,cactus_small,319.0,2026-06-12T19:58:30
424,48.0,207.6,3670.1,7150.0,1,156,0.5026,78530,0.06268,3-full-speed,cactus_large,320.0,2026-06-12T19:58:30
425,52.0,207.6,3670.1,7150.0,2,169,0.5016,78699,0.06539,3-full-speed,cactus_large,317.0,2026-06-12T19:58:31
426,40.9,207.6,3670.1,7150.0,0,134,0.5007,78833,0.06026,3-full-speed,cactus_small,322.0,2026-06-12T19:58:31
427,83.0,207.6,3670.1,7150.0,5,265,0.499,79098,0.05944,3-full-speed,cactus_large,315.0,2026-06-12T19:58:32
428,90.0,207.6,3670.1,7150.0,5,287,0.4972,79385,0.06221,3-full-speed,cactus_small,306.0,2026-06-12T19:58:33
429,141.8,207.6,3670.1,7150.0,10,441,0.4944,79826,0.06197,3-full-speed,cactus_small,305.0,2026-06-12T19:58:34
430,153.4,207.6,3670.1,7150.0,11,474,0.4914,80300,0.06055,3-full-speed,cactus_small,311.0,2026-06-12T19:58:36
431,352.6,352.6,3670.1,7150.0,28,1007,0.4851,81307,0.06312,3-full-speed,cactus_large,306.0,2026-06-12T19:58:39
432,95.0,352.6,3670.1,7150.0,5,302,0.4831,81609,0.0646,3-full-speed,cactus_small,304.0,2026-06-12T19:58:40
433,48.2,352.6,3670.1,7150.0,1,157,0.4821,81766,0.06501,3-full-speed,cactus_small,316.0,2026-06-12T19:58:41
434,48.0,352.6,3670.1,7150.0,1,156,0.4812,81922,0.06258,3-full-speed,cactus_large,315.0,2026-06-12T19:58:41
435,40.5,352.6,3670.1,7150.0,0,132,0.4803,82054,0.05979,3-full-speed,cactus_small,310.0,2026-06-12T19:58:41
436,55.6,352.6,3670.1,7150.0,2,180,0.4792,82234,0.0602,3-full-speed,cactus_large,316.0,2026-06-12T19:58:42
437,40.5,352.6,3670.1,7150.0,0,132,0.4783,82366,0.06528,3-full-speed,cactus_large,300.0,2026-06-12T19:58:42
438,76.8,352.6,3670.1,7150.0,4,246,0.4768,82612,0.06577,3-full-speed,cactus_small,304.0,2026-06-12T19:58:43
439,115.1,352.6,3670.1,7150.0,9,362,0.4745,82974,0.06139,3-full-speed,cactus_small,312.0,2026-06-12T19:58:44
440,41.1,352.6,3670.1,7150.0,0,134,0.4736,83108,0.05687,3-full-speed,cactus_small,309.0,2026-06-12T19:58:45
441,55.1,352.6,3670.1,7150.0,2,179,0.4725,83287,0.05963,3-full-speed,cactus_large,300.0,2026-06-12T19:58:45
442,63.3,352.6,3670.1,7150.0,3,204,0.4712,83491,0.06375,3-full-speed,cactus_small,312.0,2026-06-12T19:58:46
443,319.7,352.6,3670.1,7150.0,25,924,0.4654,84415,0.06315,3-full-speed,cactus_large,310.0,2026-06-12T19:58:49
444,162.1,352.6,3670.1,7150.0,13,499,0.4622,84914,0.06613,3-full-speed,cactus_large,301.0,2026-06-12T19:58:51
445,57.5,352.6,3670.1,7150.0,2,186,0.461,85100,0.06202,3-full-speed,cactus_large,309.0,2026-06-12T19:58:51
446,138.7,352.6,3670.1,7150.0,11,432,0.4583,85532,0.06251,3-full-speed,cactus_small,308.0,2026-06-12T19:58:53
447,68.7,352.6,3670.1,7150.0,3,221,0.4569,85753,0.06739,3-full-speed,cactus_large,301.0,2026-06-12T19:58:53
448,89.7,352.6,3670.1,7150.0,6,286,0.4551,86039,0.06151,3-full-speed,cactus_large,303.0,2026-06-12T19:58:54
449,40.5,352.6,1987.5,7150.0,0,132,0.4543,86171,0.06468,4-birds,cactus_large,33.0,2026-06-12T19:58:58
450,99.0,352.6,1987.5,7150.0,6,314,0.4523,86485,0.06401,4-birds,cactus_large,314.0,2026-06-12T19:58:59
451,143.6,352.6,1987.5,7150.0,12,446,0.4494,86931,0.06219,4-birds,cactus_large,296.0,2026-06-12T19:59:01
452,99.6,352.6,1987.5,7150.0,7,316,0.4474,87247,0.06596,4-birds,cactus_small,302.0,2026-06-12T19:59:02
453,169.9,352.6,1987.5,7150.0,16,521,0.4441,87768,0.06491,4-birds,cactus_small,316.0,2026-06-12T19:59:04
454,54.3,352.6,1987.5,7150.0,1,176,0.443,87944,0.06532,4-birds,cactus_large,309.0,2026-06-12T19:59:04
455,143.4,352.6,1987.5,7150.0,10,445,0.4402,88389,0.06537,4-birds,cactus_small,309.0,2026-06-12T19:59:06
456,40.5,352.6,1987.5,7150.0,0,132,0.4394,88521,0.06603,4-birds,cactus_small,319.0,2026-06-12T19:59:06
457,42.0,352.6,1987.5,7150.0,0,137,0.4385,88658,0.06379,4-birds,cactus_small,306.0,2026-06-12T19:59:07
458,55.5,352.6,1987.5,7150.0,2,180,0.4374,88838,0.06277,4-birds,cactus_small,320.0,2026-06-12T19:59:07
459,124.3,352.6,1987.5,7150.0,9,389,0.4349,89227,0.06664,4-birds,cactus_small,321.0,2026-06-12T19:59:08
460,91.5,352.6,1987.5,7150.0,6,291,0.4331,89518,0.0636,4-birds,cactus_small,318.0,2026-06-12T19:59:09
461,48.8,352.6,1987.5,7150.0,1,159,0.432,89677,0.06291,4-birds,cactus_large,312.0,2026-06-12T19:59:10
462,78.9,352.6,1987.5,7150.0,4,253,0.4304,89930,0.06693,4-birds,cactus_large,299.0,2026-06-12T19:59:11
463,41.7,352.6,1987.5,7150.0,0,136,0.4296,90066,0.06688,4-birds,cactus_large,323.0,2026-06-12T19:59:11
464,394.2,394.2,1987.5,7150.0,31,1109,0.4226,91175,0.0658,4-birds,cactus_large,304.0,2026-06-12T19:59:15
465,63.9,394.2,1987.5,7150.0,3,206,0.4213,91381,0.0663,4-birds,cactus_large,303.0,2026-06-12T19:59:15
466,67.4,394.2,1987.5,7150.0,3,217,0.4199,91598,0.06663,4-birds,cactus_large,310.0,2026-06-12T19:59:16
467,63.6,394.2,1987.5,7150.0,2,205,0.4186,91803,0.06427,4-birds,cactus_large,297.0,2026-06-12T19:59:17
468,41.6,394.2,1987.5,7150.0,0,136,0.4177,91939,0.06566,4-birds,cactus_small,291.0,2026-06-12T19:59:17
469,41.1,394.2,1987.5,7150.0,0,134,0.4169,92073,0.06784,4-birds,cactus_large,292.0,2026-06-12T19:59:18
470,309.7,394.2,1987.5,7150.0,27,898,0.4112,92971,0.06488,4-birds,cactus_large,286.0,2026-06-12T19:59:21
471,60.4,394.2,1987.5,7150.0,2,195,0.4099,93166,0.06139,4-birds,cactus_small,276.0,2026-06-12T19:59:21
472,318.3,394.2,1987.5,7150.0,28,920,0.4041,94086,0.06609,4-birds,cactus_large,299.0,2026-06-12T19:59:25
473,66.8,394.2,1987.5,7150.0,3,215,0.4028,94301,0.06587,4-birds,cactus_large,312.0,2026-06-12T19:59:25
474,154.6,394.2,1987.5,7150.0,12,478,0.3997,94779,0.06186,4-birds,cactus_large,306.0,2026-06-12T19:59:27
475,103.9,394.2,1987.5,7150.0,8,329,0.3976,95108,0.06312,4-birds,cactus_small,314.0,2026-06-12T19:59:28
476,72.9,394.2,1987.5,7150.0,4,234,0.3962,95342,0.06348,4-birds,cactus_large,314.0,2026-06-12T19:59:29
477,103.9,394.2,1987.5,7150.0,7,329,0.3941,95671,0.06183,4-birds,cactus_large,318.0,2026-06-12T19:59:30
478,71.6,394.2,1987.5,7150.0,3,230,0.3926,95901,0.06406,4-birds,cactus_small,316.0,2026-06-12T19:59:30
479,58.5,394.2,1987.5,7150.0,2,189,0.3914,96090,0.0633,4-birds,cactus_small,321.0,2026-06-12T19:59:31
480,55.5,394.2,1987.5,7150.0,1,180,0.3903,96270,0.06318,4-birds,cactus_small,317.0,2026-06-12T19:59:32
481,50.1,394.2,1987.5,7150.0,1,163,0.3893,96433,0.06349,4-birds,cactus_large,309.0,2026-06-12T19:59:32
482,114.3,394.2,1987.5,7150.0,9,360,0.387,96793,0.06145,4-birds,cactus_small,315.0,2026-06-12T19:59:33
483,65.8,394.2,1987.5,7150.0,3,212,0.3856,97005,0.06219,4-birds,cactus_small,303.0,2026-06-12T19:59:34
484,100.4,394.2,1987.5,7150.0,7,318,0.3836,97323,0.06333,4-birds,cactus_small,309.0,2026-06-12T19:59:35
485,49.6,394.2,1987.5,7150.0,1,161,0.3826,97484,0.0661,4-birds,cactus_small,308.0,2026-06-12T19:59:35
486,54.0,394.2,1987.5,7150.0,1,175,0.3815,97659,0.06609,4-birds,cactus_small,321.0,2026-06-12T19:59:36
487,151.5,394.2,1987.5,7150.0,12,469,0.3785,98128,0.06433,4-birds,cactus_small,301.0,2026-06-12T19:59:38
488,97.8,394.2,1987.5,7150.0,6,310,0.3766,98438,0.06735,4-birds,cactus_small,314.0,2026-06-12T19:59:39
489,198.2,394.2,1987.5,7150.0,16,601,0.3728,99039,0.06237,4-birds,cactus_large,309.0,2026-06-12T19:59:40
490,72.8,394.2,1987.5,7150.0,4,234,0.3713,99273,0.06474,4-birds,cactus_large,318.0,2026-06-12T19:59:41
491,283.0,394.2,1987.5,7150.0,26,829,0.366,100102,0.06259,4-birds,cactus_large,317.0,2026-06-12T19:59:44
492,48.3,394.2,1987.5,7150.0,1,157,0.365,100259,0.0608,4-birds,cactus_small,318.0,2026-06-12T19:59:44
493,40.6,394.2,1987.5,7150.0,0,133,0.3642,100392,0.06426,4-birds,cactus_small,315.0,2026-06-12T19:59:45
494,479.2,479.2,1987.5,7150.0,41,1311,0.3559,101703,0.06319,4-birds,bird_low,306.0,2026-06-12T19:59:49
495,91.2,479.2,1987.5,7150.0,5,290,0.354,101993,0.06342,4-birds,cactus_small,312.0,2026-06-12T19:59:50
496,78.9,479.2,1987.5,7150.0,5,253,0.3524,102246,0.06547,4-birds,cactus_small,294.0,2026-06-12T19:59:51
497,187.9,479.2,1987.5,7150.0,15,572,0.3488,102818,0.06295,4-birds,cactus_large,310.0,2026-06-12T19:59:53
498,139.1,479.2,1987.5,7150.0,10,433,0.3461,103251,0.06286,4-birds,cactus_small,315.0,2026-06-12T19:59:54
499,73.1,479.2,520.3,7150.0,4,235,0.3446,103486,0.06062,4-birds,cactus_small,115.0,2026-06-12T19:59:56
500,193.1,479.2,520.3,7150.0,16,587,0.3409,104073,0.06137,4-birds,cactus_large,305.0,2026-06-12T19:59:58
501,48.3,479.2,520.3,7150.0,1,157,0.3399,104230,0.06495,4-birds,cactus_small,304.0,2026-06-12T19:59:59
502,81.5,479.2,520.3,7150.0,6,261,0.3382,104491,0.05904,4-birds,cactus_small,306.0,2026-06-12T19:59:59
503,304.1,479.2,520.3,7150.0,25,884,0.3326,105375,0.06035,4-birds,cactus_small,295.0,2026-06-12T20:00:02
504,520.4,520.4,520.3,7150.0,44,1406,0.3237,106781,0.05966,4-birds,cactus_small,304.0,2026-06-12T20:00:07
505,41.7,520.4,520.3,7150.0,0,136,0.3229,106917,0.05843,4-birds,cactus_large,313.0,2026-06-12T20:00:07
506,111.8,520.4,520.3,7150.0,7,352,0.3206,107269,0.05718,4-birds,cactus_small,316.0,2026-06-12T20:00:09
507,96.6,520.4,520.3,7150.0,6,307,0.3187,107576,0.06069,4-birds,cactus_large,308.0,2026-06-12T20:00:10
508,64.6,520.4,520.3,7150.0,3,208,0.3174,107784,0.05863,4-birds,cactus_large,307.0,2026-06-12T20:00:10
509,172.0,520.4,520.3,7150.0,14,527,0.314,108311,0.0594,4-birds,cactus_small,310.0,2026-06-12T20:00:12
510,504.4,520.4,520.3,7150.0,40,1369,0.3054,109680,0.05893,4-birds,bird_high,310.0,2026-06-12T20:00:16
511,93.5,520.4,520.3,7150.0,6,297,0.3035,109977,0.0622,4-birds,cactus_small,313.0,2026-06-12T20:00:17
512,123.9,520.4,520.3,7150.0,10,388,0.301,110365,0.06233,4-birds,cactus_large,312.0,2026-06-12T20:00:19
513,181.0,520.4,520.3,7150.0,17,553,0.2975,110918,0.05935,4-birds,cactus_small,312.0,2026-06-12T20:00:20
514,41.4,520.4,520.3,7150.0,0,135,0.2967,111053,0.06028,4-birds,cactus_large,305.0,2026-06-12T20:00:21
515,328.5,520.4,520.3,7150.0,26,946,0.2907,111999,0.05869,4-birds,cactus_large,309.0,2026-06-12T20:00:24
516,129.4,520.4,520.3,7150.0,9,404,0.2881,112403,0.05943,4-birds,cactus_large,307.0,2026-06-12T20:00:25
517,169.7,520.4,520.3,7150.0,15,521,0.2848,112924,0.05709,4-birds,cactus_small,301.0,2026-06-12T20:00:27
518,97.3,520.4,520.3,7150.0,6,309,0.2829,113233,0.0622,4-birds,cactus_small,306.0,2026-06-12T20:00:28
519,149.1,520.4,520.3,7150.0,12,462,0.2799,113695,0.05913,4-birds,cactus_small,301.0,2026-06-12T20:00:29
520,77.3,520.4,520.3,7150.0,4,248,0.2784,113943,0.05812,4-birds,cactus_large,304.0,2026-06-12T20:00:30
521,703.2,703.2,520.3,7150.0,56,1803,0.2669,115746,0.05769,4-birds,bird_mid,311.0,2026-06-12T20:00:36
522,48.8,703.2,520.3,7150.0,1,159,0.2659,115905,0.05667,4-birds,cactus_small,308.0,2026-06-12T20:00:37
523,102.4,703.2,520.3,7150.0,8,324,0.2639,116229,0.05638,4-birds,cactus_large,313.0,2026-06-12T20:00:38
524,151.7,703.2,520.3,7150.0,12,469,0.2609,116698,0.0595,4-birds,cactus_large,315.0,2026-06-12T20:00:39
525,49.3,703.2,520.3,7150.0,1,160,0.2599,116858,0.05378,4-birds,cactus_small,316.0,2026-06-12T20:00:40
526,177.1,703.2,520.3,7150.0,16,542,0.2565,117400,0.05934,4-birds,cactus_large,310.0,2026-06-12T20:00:41
527,41.7,703.2,520.3,7150.0,0,136,0.2556,117536,0.05873,4-birds,cactus_large,290.0,2026-06-12T20:00:42
528,167.7,703.2,520.3,7150.0,13,515,0.2523,118051,0.05689,4-birds,cactus_large,309.0,2026-06-12T20:00:43
529,328.9,703.2,520.3,7150.0,28,947,0.2463,118998,0.05585,4-birds,cactus_large,293.0,2026-06-12T20:00:47
530,115.5,703.2,520.3,7150.0,8,363,0.244,119361,0.05703,4-birds,cactus_large,278.0,2026-06-12T20:00:48
531,174.4,703.2,520.3,7150.0,13,534,0.2407,119895,0.05658,4-birds,cactus_large,309.0,2026-06-12T20:00:50
532,398.9,703.2,520.3,7150.0,33,1121,0.2336,121016,0.05483,4-birds,cactus_small,291.0,2026-06-12T20:00:54
533,40.5,703.2,520.3,7150.0,0,132,0.2327,121148,0.05878,4-birds,cactus_small,308.0,2026-06-12T20:00:54
534,40.5,703.2,520.3,7150.0,0,132,0.2319,121280,0.05654,4-birds,cactus_small,299.0,2026-06-12T20:00:54
535,96.0,703.2,520.3,7150.0,6,305,0.23,121585,0.05609,4-birds,cactus_large,308.0,2026-06-12T20:00:55
536,263.3,703.2,520.3,7150.0,22,777,0.225,122362,0.05378,4-birds,cactus_large,309.0,2026-06-12T20:00:58
537,42.3,703.2,520.3,7150.0,0,138,0.2242,122500,0.0605,4-birds,cactus_small,294.0,2026-06-12T20:00:58
538,351.2,703.2,520.3,7150.0,30,1003,0.2178,123503,0.05646,4-birds,cactus_small,286.0,2026-06-12T20:01:02
539,179.0,703.2,520.3,7150.0,15,547,0.2144,124050,0.05297,4-birds,cactus_large,290.0,2026-06-12T20:01:04
540,40.3,703.2,520.3,7150.0,0,132,0.2135,124182,0.0544,4-birds,cactus_small,290.0,2026-06-12T20:01:04
541,518.4,703.2,520.3,7150.0,41,1401,0.2046,125583,0.0532,4-birds,bird_high,292.0,2026-06-12T20:01:09
542,41.6,703.2,520.3,7150.0,0,136,0.2038,125719,0.0527,4-birds,cactus_small,280.0,2026-06-12T20:01:10
543,464.6,703.2,520.3,7150.0,36,1277,0.1957,126996,0.05333,4-birds,cactus_large,304.0,2026-06-12T20:01:14
544,101.8,703.2,520.3,7150.0,6,322,0.1937,127318,0.05171,4-birds,cactus_large,304.0,2026-06-12T20:01:15
545,61.8,703.2,520.3,7150.0,2,200,0.1924,127518,0.05523,4-birds,cactus_large,294.0,2026-06-12T20:01:15
546,41.7,703.2,520.3,7150.0,0,136,0.1915,127654,0.05216,4-birds,cactus_small,288.0,2026-06-12T20:01:16
547,500.7,703.2,520.3,7150.0,41,1361,0.1829,129015,0.05159,4-birds,bird_high,290.0,2026-06-12T20:01:21
548,245.8,703.2,520.3,7150.0,21,731,0.1783,129746,0.05293,4-birds,cactus_large,307.0,2026-06-12T20:01:23
549,404.3,703.2,520.3,7150.0,34,1134,0.1711,130880,0.05131,4-birds,cactus_small,226.0,2026-06-12T20:01:28
550,403.6,703.2,520.3,7150.0,34,1132,0.1639,132012,0.0523,4-birds,cactus_large,304.0,2026-06-12T20:01:32
551,171.3,703.2,520.3,7150.0,15,525,0.1606,132537,0.05123,4-birds,cactus_small,304.0,2026-06-12T20:01:33
552,473.6,703.2,520.3,7150.0,37,1298,0.1524,133835,0.05185,4-birds,bird_high,300.0,2026-06-12T20:01:38
553,392.7,703.2,520.3,7150.0,35,1106,0.1454,134941,0.04864,4-birds,cactus_large,296.0,2026-06-12T20:01:42
554,210.3,703.2,520.3,7150.0,17,634,0.1414,135575,0.05114,4-birds,cactus_small,288.0,2026-06-12T20:01:44
555,488.7,703.2,520.3,7150.0,43,1333,0.1329,136908,0.04902,4-birds,bird_high,296.0,2026-06-12T20:01:48
556,527.9,703.2,520.3,7150.0,42,1423,0.1239,138331,0.04784,4-birds,bird_high,295.0,2026-06-12T20:01:53
557,242.3,703.2,520.3,7150.0,18,721,0.1193,139052,0.04982,4-birds,cactus_large,285.0,2026-06-12T20:01:56
558,644.1,703.2,520.3,7150.0,50,1678,0.1087,140730,0.04954,4-birds,bird_mid,301.0,2026-06-12T20:02:01
559,250.1,703.2,520.3,7150.0,21,742,0.104,141472,0.04959,4-birds,cactus_small,310.0,2026-06-12T20:02:04
560,376.6,703.2,520.3,7150.0,29,1066,0.0973,142538,0.04852,4-birds,cactus_small,301.0,2026-06-12T20:02:07
561,279.6,703.2,520.3,7150.0,22,820,0.0921,143358,0.04609,4-birds,cactus_large,305.0,2026-06-12T20:02:10
562,485.7,703.2,520.3,7150.0,40,1326,0.0837,144684,0.04693,4-birds,bird_high,295.0,2026-06-12T20:02:14
563,477.5,703.2,520.3,7150.0,40,1307,0.0754,145991,0.04632,4-birds,bird_high,305.0,2026-06-12T20:02:19
564,644.1,703.2,520.3,7150.0,49,1678,0.0648,147669,0.04531,4-birds,bird_high,288.0,2026-06-12T20:02:24
565,41.4,703.2,520.3,7150.0,0,135,0.0639,147804,0.04249,4-birds,cactus_large,299.0,2026-06-12T20:02:25
566,535.2,703.2,520.3,7150.0,44,1439,0.0548,149243,0.04374,4-birds,bird_high,304.0,2026-06-12T20:02:30
567,379.6,703.2,520.3,7150.0,32,1074,0.05,150317,0.04574,4-birds,cactus_large,307.0,2026-06-12T20:02:33
568,935.2,935.2,520.3,7150.0,72,2264,0.05,152581,0.04521,4-birds,bird_mid,307.0,2026-06-12T20:02:40
569,567.9,935.2,520.3,7150.0,45,1512,0.05,154093,0.04559,4-birds,bird_high,307.0,2026-06-12T20:02:45
570,167.7,935.2,520.3,7150.0,14,515,0.05,154608,0.04492,4-birds,cactus_small,305.0,2026-06-12T20:02:47
571,700.5,935.2,520.3,7150.0,55,1797,0.05,156405,0.04406,4-birds,bird_high,306.0,2026-06-12T20:02:53
572,121.4,935.2,520.3,7150.0,8,381,0.05,156786,0.04379,4-birds,cactus_small,306.0,2026-06-12T20:02:54
573,578.7,935.2,520.3,7150.0,50,1536,0.05,158322,0.04322,4-birds,bird_high,305.0,2026-06-12T20:02:59
574,481.4,935.2,520.3,7150.0,41,1316,0.05,159638,0.04443,4-birds,cactus_large,304.0,2026-06-12T20:03:04
575,632.5,935.2,520.3,7150.0,54,1653,0.05,161291,0.04229,4-birds,bird_high,306.0,2026-06-12T20:03:09
576,109.8,935.2,520.3,7150.0,8,346,0.05,161637,0.04103,4-birds,cactus_large,307.0,2026-06-12T20:03:10
577,469.5,935.2,520.3,7150.0,39,1289,0.05,162926,0.04095,4-birds,bird_high,293.0,2026-06-12T20:03:15
578,92.5,935.2,520.3,7150.0,7,294,0.05,163220,0.04111,4-birds,cactus_small,312.0,2026-06-12T20:03:15
579,469.5,935.2,520.3,7150.0,41,1289,0.05,164509,0.04259,4-birds,bird_high,286.0,2026-06-12T20:03:20
580,244.3,935.2,520.3,7150.0,21,727,0.05,165236,0.0409,4-birds,cactus_small,290.0,2026-06-12T20:03:22
581,569.0,935.2,520.3,7150.0,47,1515,0.05,166751,0.04147,4-birds,bird_high,293.0,2026-06-12T20:03:28
582,503.5,935.2,520.3,7150.0,39,1367,0.05,168118,0.04149,4-birds,bird_high,305.0,2026-06-12T20:03:32
583,634.3,935.2,520.3,7150.0,50,1657,0.05,169775,0.03882,4-birds,bird_high,277.0,2026-06-12T20:03:38
584,722.2,935.2,520.3,7150.0,58,1842,0.05,171617,0.03948,4-birds,cactus_large,284.0,2026-06-12T20:03:45
585,48.6,935.2,520.3,7150.0,1,158,0.05,171775,0.03693,4-birds,cactus_small,308.0,2026-06-12T20:03:45
586,553.3,935.2,520.3,7150.0,44,1480,0.05,173255,0.03891,4-birds,bird_high,298.0,2026-06-12T20:03:50
587,562.9,935.2,520.3,7150.0,45,1501,0.05,174756,0.03869,4-birds,bird_high,284.0,2026-06-12T20:03:55
588,494.8,935.2,520.3,7150.0,41,1347,0.05,176103,0.03824,4-birds,bird_high,294.0,2026-06-12T20:04:00
589,602.0,935.2,520.3,7150.0,49,1587,0.05,177690,0.0382,4-birds,bird_high,308.0,2026-06-12T20:04:05
590,300.0,935.2,520.3,7150.0,26,873,0.05,178563,0.03735,4-birds,cactus_large,310.0,2026-06-12T20:04:08
591,124.9,935.2,520.3,7150.0,8,391,0.05,178954,0.03714,4-birds,cactus_small,305.0,2026-06-12T20:04:09
592,980.3,980.3,520.3,7150.0,78,2349,0.05,181303,0.03696,4-birds,bird_mid,314.0,2026-06-12T20:04:17
593,995.8,995.8,520.3,7150.0,80,2378,0.05,183681,0.0374,4-birds,bird_mid,304.0,2026-06-12T20:04:25
594,1070.1,1070.1,520.3,7150.0,81,2514,0.05,186195,0.03737,4-birds,cactus_large,302.0,2026-06-12T20:04:33
595,502.4,1070.1,520.3,7150.0,39,1365,0.05,187560,0.03604,4-birds,bird_mid,301.0,2026-06-12T20:04:37
596,478.3,1070.1,520.3,7150.0,42,1309,0.05,188869,0.03742,4-birds,bird_mid,301.0,2026-06-12T20:04:42
597,510.5,1070.1,520.3,7150.0,46,1383,0.05,190252,0.03637,4-birds,bird_mid,313.0,2026-06-12T20:04:46
598,315.0,1070.1,520.3,7150.0,24,912,0.05,191164,0.03537,4-birds,cactus_large,300.0,2026-06-12T20:04:49
599,126.0,1070.1,534.7,7150.0,9,394,0.05,191558,0.03372,4-birds,cactus_large,148.0,2026-06-12T20:04:52
600,192.6,1070.1,534.7,7150.0,18,585,0.05,192143,0.03523,4-birds,cactus_small,279.0,2026-06-12T20:04:54
601,474.0,1070.1,534.7,7150.0,37,1299,0.05,193442,0.03572,4-birds,bird_mid,284.0,2026-06-12T20:04:58
602,483.3,1070.1,534.7,7150.0,40,1321,0.05,194763,0.03552,4-birds,bird_low,280.0,2026-06-12T20:05:03
603,649.1,1070.1,534.7,7150.0,51,1689,0.05,196452,0.0356,4-birds,bird_low,275.0,2026-06-12T20:05:09
604,552.4,1070.1,534.7,7150.0,43,1478,0.05,197930,0.03467,4-birds,cactus_small,292.0,2026-06-12T20:05:14
605,490.4,1070.1,534.7,7150.0,38,1337,0.05,199267,0.03371,4-birds,bird_mid,295.0,2026-06-12T20:05:19
606,566.1,1070.1,534.7,7150.0,45,1508,0.05,200000,0.03353,4-birds,bird_low,300.0,2026-06-12T20:05:24
607,556.6,1070.1,534.7,7150.0,44,1487,0.05,200000,0.03451,4-birds,cactus_large,303.0,2026-06-12T20:05:29
608,217.2,1070.1,534.7,7150.0,16,653,0.05,200000,0.03501,4-birds,cactus_large,301.0,2026-06-12T20:05:31
609,579.2,1070.1,534.7,7150.0,47,1537,0.05,200000,0.03464,4-birds,bird_high,303.0,2026-06-12T20:05:36
610,643.9,1070.1,534.7,7150.0,51,1678,0.05,200000,0.03335,4-birds,bird_mid,306.0,2026-06-12T20:05:42
611,604.5,1070.1,534.7,7150.0,48,1593,0.05,200000,0.03374,4-birds,bird_mid,305.0,2026-06-12T20:05:47
612,487.4,1070.1,534.7,7150.0,36,1330,0.05,200000,0.03121,4-birds,cactus_large,285.0,2026-06-12T20:05:52
613,481.6,1070.1,534.7,7150.0,41,1317,0.05,200000,0.03231,4-birds,bird_mid,281.0,2026-06-12T20:05:56
614,146.5,1070.1,534.7,7150.0,12,454,0.05,200000,0.03197,4-birds,cactus_small,293.0,2026-06-12T20:05:58
615,559.5,1070.1,534.7,7150.0,46,1494,0.05,200000,0.03239,4-birds,bird_mid,278.0,2026-06-12T20:06:03
616,349.0,1070.1,534.7,7150.0,28,998,0.05,200000,0.0309,4-birds,cactus_large,282.0,2026-06-12T20:06:07
617,581.2,1070.1,534.7,7150.0,48,1542,0.05,200000,0.031,4-birds,cactus_small,290.0,2026-06-12T20:06:12
618,702.7,1070.1,534.7,7150.0,54,1802,0.05,200000,0.03139,4-birds,cactus_small,290.0,2026-06-12T20:06:18
619,442.1,1070.1,534.7,7150.0,35,1224,0.05,200000,0.02978,4-birds,cactus_large,278.0,2026-06-12T20:06:23
620,576.2,1070.1,534.7,7150.0,47,1531,0.05,200000,0.02967,4-birds,cactus_large,290.0,2026-06-12T20:06:28
621,790.5,1070.1,534.7,7150.0,63,1981,0.05,200000,0.02995,4-birds,bird_mid,295.0,2026-06-12T20:06:35
622,125.3,1070.1,534.7,7150.0,9,392,0.05,200000,0.02891,4-birds,cactus_large,277.0,2026-06-12T20:06:36
623,1326.9,1326.9,534.7,7150.0,96,2962,0.05,200000,0.02894,4-birds,bird_mid,307.0,2026-06-12T20:06:46
624,751.4,1326.9,534.7,7150.0,62,1902,0.05,200000,0.02825,4-birds,cactus_large,305.0,2026-06-12T20:06:52
625,702.4,1326.9,534.7,7150.0,55,1801,0.05,200000,0.02703,4-birds,bird_mid,312.0,2026-06-12T20:06:58
626,403.2,1326.9,534.7,7150.0,33,1131,0.05,200000,0.02734,4-birds,cactus_small,294.0,2026-06-12T20:07:02
627,688.6,1326.9,534.7,7150.0,55,1772,0.05,200000,0.02669,4-birds,bird_mid,302.0,2026-06-12T20:07:07
628,551.2,1326.9,534.7,7150.0,44,1475,0.05,200000,0.02684,4-birds,bird_high,321.0,2026-06-12T20:07:12
629,69.7,1326.9,534.7,7150.0,3,224,0.05,200000,0.02447,4-birds,cactus_small,289.0,2026-06-12T20:07:13
630,522.1,1326.9,534.7,7150.0,40,1410,0.05,200000,0.026,4-birds,cactus_large,310.0,2026-06-12T20:07:17
631,583.7,1326.9,534.7,7150.0,46,1547,0.05,200000,0.02568,4-birds,cactus_small,303.0,2026-06-12T20:07:22
632,1160.8,1326.9,534.7,7150.0,92,2676,0.05,200000,0.02507,4-birds,cactus_small,292.0,2026-06-12T20:07:32
633,508.7,1326.9,534.7,7150.0,46,1379,0.05,200000,0.02485,4-birds,cactus_large,297.0,2026-06-12T20:07:36
634,894.9,1326.9,534.7,7150.0,65,2187,0.05,200000,0.02423,4-birds,bird_low,295.0,2026-06-12T20:07:44
635,847.6,1326.9,534.7,7150.0,62,2095,0.05,200000,0.02402,4-birds,bird_low,298.0,2026-06-12T20:07:51
636,1563.2,1563.2,534.7,7150.0,112,3346,0.05,200000,0.02249,4-birds,bird_low,304.0,2026-06-12T20:08:02
637,607.0,1563.2,534.7,7150.0,51,1598,0.05,200000,0.02244,4-birds,bird_high,301.0,2026-06-12T20:08:07
638,654.0,1563.2,534.7,7150.0,51,1699,0.05,200000,0.02258,4-birds,bird_high,311.0,2026-06-12T20:08:12
639,757.6,1563.2,534.7,7150.0,61,1915,0.05,200000,0.02239,4-birds,bird_low,306.0,2026-06-12T20:08:19
640,218.5,1563.2,534.7,7150.0,19,657,0.05,200000,0.02144,4-birds,cactus_large,304.0,2026-06-12T20:08:21
641,440.0,1563.2,534.7,7150.0,37,1219,0.05,200000,0.0212,4-birds,cactus_large,297.0,2026-06-12T20:08:25
642,571.9,1563.2,534.7,7150.0,48,1521,0.05,200000,0.02128,4-birds,bird_mid,298.0,2026-06-12T20:08:30
643,568.8,1563.2,534.7,7150.0,46,1514,0.05,200000,0.02092,4-birds,cactus_small,288.0,2026-06-12T20:08:35
644,583.5,1563.2,534.7,7150.0,45,1547,0.05,200000,0.02111,4-birds,bird_mid,303.0,2026-06-12T20:08:40
645,641.3,1563.2,534.7,7150.0,53,1672,0.05,200000,0.01977,4-birds,bird_high,302.0,2026-06-12T20:08:46
646,676.7,1563.2,534.7,7150.0,55,1747,0.05,200000,0.02065,4-birds,cactus_large,305.0,2026-06-12T20:08:52
647,94.7,1563.2,534.7,7150.0,6,301,0.05,200000,0.01993,4-birds,cactus_small,300.0,2026-06-12T20:08:53
648,585.5,1563.2,534.7,7150.0,51,1551,0.05,200000,0.0194,4-birds,bird_high,298.0,2026-06-12T20:08:58
649,84.8,1563.2,942.6,7150.0,6,271,0.05,200000,0.01804,4-birds,cactus_small,93.0,2026-06-12T20:09:01
650,530.8,1563.2,942.6,7150.0,45,1429,0.05,200000,0.0184,4-birds,cactus_large,308.0,2026-06-12T20:09:05
651,745.1,1563.2,942.6,7150.0,58,1889,0.05,200000,0.01859,4-birds,bird_high,318.0,2026-06-12T20:09:11
652,481.6,1563.2,942.6,7150.0,41,1317,0.05,200000,0.01774,4-birds,cactus_small,317.0,2026-06-12T20:09:16
653,721.0,1563.2,942.6,7150.0,59,1840,0.05,200000,0.01767,4-birds,bird_high,308.0,2026-06-12T20:09:22
654,427.4,1563.2,942.6,7150.0,34,1189,0.05,200000,0.01832,4-birds,cactus_large,310.0,2026-06-12T20:09:25
655,451.2,1563.2,942.6,7150.0,35,1246,0.05,200000,0.0171,4-birds,cactus_small,328.0,2026-06-12T20:09:29
656,1250.2,1563.2,942.6,7150.0,93,2832,0.05,200000,0.01711,4-birds,cactus_large,306.0,2026-06-12T20:09:38
657,615.6,1563.2,942.6,7150.0,50,1617,0.05,200000,0.01684,4-birds,cactus_large,322.0,2026-06-12T20:09:43
658,148.7,1563.2,942.6,7150.0,11,461,0.05,200000,0.01645,4-birds,cactus_large,331.0,2026-06-12T20:09:45
659,960.0,1563.2,942.6,7150.0,71,2311,0.05,200000,0.01642,4-birds,bird_mid,331.0,2026-06-12T20:09:52
660,48.2,1563.2,942.6,7150.0,1,157,0.05,200000,0.0153,4-birds,cactus_large,329.0,2026-06-12T20:09:52
661,228.9,1563.2,942.6,7150.0,22,685,0.05,200000,0.0157,4-birds,cactus_large,320.0,2026-06-12T20:09:54
662,722.2,1563.2,942.6,7150.0,54,1842,0.05,200000,0.01674,4-birds,bird_high,305.0,2026-06-12T20:10:00
663,716.6,1563.2,942.6,7150.0,58,1831,0.05,200000,0.01616,4-birds,bird_mid,301.0,2026-06-12T20:10:07
664,277.1,1563.2,942.6,7150.0,21,814,0.05,200000,0.01625,4-birds,cactus_large,298.0,2026-06-12T20:10:09
665,64.7,1563.2,942.6,7150.0,3,209,0.05,200000,0.0127,4-birds,cactus_large,303.0,2026-06-12T20:10:10
666,498.0,1563.2,942.6,7150.0,41,1355,0.05,200000,0.01509,4-birds,bird_mid,310.0,2026-06-12T20:10:14
667,630.9,1563.2,942.6,7150.0,48,1650,0.05,200000,0.01572,4-birds,bird_mid,300.0,2026-06-12T20:10:20
668,728.7,1563.2,942.6,7150.0,56,1856,0.05,200000,0.01478,4-birds,bird_mid,302.0,2026-06-12T20:10:26
669,1016.3,1563.2,942.6,7150.0,73,2416,0.05,200000,0.01443,4-birds,bird_mid,299.0,2026-06-12T20:10:34
670,50.4,1563.2,942.6,7150.0,1,164,0.05,200000,0.01309,4-birds,cactus_small,301.0,2026-06-12T20:10:35
671,482.0,1563.2,942.6,7150.0,37,1318,0.05,200000,0.01401,4-birds,cactus_large,299.0,2026-06-12T20:10:39
672,705.1,1563.2,942.6,7150.0,54,1807,0.05,200000,0.01406,4-birds,bird_low,307.0,2026-06-12T20:10:45
673,658.0,1563.2,942.6,7150.0,50,1708,0.05,200000,0.01391,4-birds,cactus_small,305.0,2026-06-12T20:10:51
674,1916.2,1916.2,942.6,7150.0,138,3891,0.05,200000,0.01352,4-birds,cactus_small,298.0,2026-06-12T20:11:04
675,193.0,1916.2,942.6,7150.0,15,586,0.05,200000,0.01256,4-birds,cactus_large,304.0,2026-06-12T20:11:06
676,751.9,1916.2,942.6,7150.0,59,1903,0.05,200000,0.01318,4-birds,cactus_large,304.0,2026-06-12T20:11:12
677,486.5,1916.2,942.6,7150.0,41,1328,0.05,200000,0.01264,4-birds,cactus_large,307.0,2026-06-12T20:11:16
678,324.2,1916.2,942.6,7150.0,27,935,0.05,200000,0.01299,4-birds,cactus_large,291.0,2026-06-12T20:11:19
679,758.1,1916.2,942.6,7150.0,58,1916,0.05,200000,0.01217,4-birds,bird_mid,303.0,2026-06-12T20:11:26
680,636.7,1916.2,942.6,7150.0,51,1662,0.05,200000,0.01272,4-birds,bird_low,314.0,2026-06-12T20:11:31
681,696.4,1916.2,942.6,7150.0,55,1789,0.05,200000,0.01214,4-birds,cactus_small,301.0,2026-06-12T20:11:37
682,306.2,1916.2,942.6,7150.0,26,889,0.05,200000,0.01244,4-birds,cactus_large,309.0,2026-06-12T20:11:40
683,593.7,1916.2,942.6,7150.0,46,1569,0.05,200000,0.01231,4-birds,cactus_large,307.0,2026-06-12T20:11:45
684,799.0,1916.2,942.6,7150.0,56,1998,0.05,200000,0.0122,4-birds,bird_high,304.0,2026-06-12T20:11:51
685,539.2,1916.2,942.6,7150.0,42,1448,0.05,200000,0.01295,4-birds,cactus_large,305.0,2026-06-12T20:11:56
686,1352.6,1916.2,942.6,7150.0,106,3005,0.05,200000,0.01212,4-birds,bird_mid,305.0,2026-06-12T20:12:06
687,743.1,1916.2,942.6,7150.0,56,1885,0.05,200000,0.01237,4-birds,cactus_large,304.0,2026-06-12T20:12:12
688,699.1,1916.2,942.6,7150.0,53,1794,0.05,200000,0.01192,4-birds,cactus_small,306.0,2026-06-12T20:12:18
689,534.5,1916.2,942.6,7150.0,44,1438,0.05,200000,0.01157,4-birds,cactus_large,301.0,2026-06-12T20:12:23
690,3562.7,3562.7,942.6,7150.0,246,6424,0.05,200000,0.01115,4-birds,cactus_large,299.0,2026-06-12T20:12:44
691,324.6,3562.7,942.6,7150.0,26,936,0.05,200000,0.01167,4-birds,cactus_small,300.0,2026-06-12T20:12:47
692,596.3,3562.7,942.6,7150.0,48,1575,0.05,200000,0.01127,4-birds,cactus_large,307.0,2026-06-12T20:12:53
693,459.1,3562.7,942.6,7150.0,41,1264,0.05,200000,0.01106,4-birds,cactus_small,301.0,2026-06-12T20:12:57
694,605.0,3562.7,942.6,7150.0,48,1594,0.05,200000,0.01198,4-birds,bird_high,304.0,2026-06-12T20:13:02
695,667.7,3562.7,942.6,7150.0,52,1728,0.05,200000,0.01117,4-birds,cactus_large,313.0,2026-06-12T20:13:08
696,1046.8,3562.7,942.6,7150.0,78,2472,0.05,200000,0.01133,4-birds,bird_mid,305.0,2026-06-12T20:13:16
697,326.2,3562.7,942.6,7150.0,26,940,0.05,200000,0.01038,4-birds,cactus_large,303.0,2026-06-12T20:13:19
698,41.7,3562.7,942.6,7150.0,0,136,0.05,200000,0.0094,4-birds,cactus_small,309.0,2026-06-12T20:13:19
699,554.6,3562.7,11087.4,11087.4,43,1483,0.25,200000,0.01138,done,cactus_large,68.0,2026-06-12T20:13:41
700,54.8,3562.7,11087.4,11087.4,1,178,0.25,200000,0.01151,done,cactus_large,313.0,2026-06-12T20:13:42
701,138.6,3562.7,11087.4,11087.4,10,431,0.25,200000,0.01,done,cactus_large,319.0,2026-06-12T20:13:43
702,146.1,3562.7,11087.4,11087.4,13,453,0.25,200000,0.00951,done,cactus_small,300.0,2026-06-12T20:13:45
703,547.7,3562.7,11087.4,11087.4,41,1467,0.25,200000,0.01108,done,cactus_large,321.0,2026-06-12T20:13:49
704,40.5,3562.7,11087.4,11087.4,0,132,0.25,200000,0.00939,done,cactus_small,323.0,2026-06-12T20:13:50
705,41.4,3562.7,11087.4,11087.4,0,135,0.25,200000,0.01072,done,cactus_large,295.0,2026-06-12T20:13:50
706,81.4,3562.7,11087.4,11087.4,6,260,0.25,200000,0.011,done,cactus_large,306.0,2026-06-12T20:13:51
707,57.4,3562.7,11087.4,11087.4,2,186,0.25,200000,0.01115,done,cactus_small,324.0,2026-06-12T20:13:52
708,105.8,3562.7,11087.4,11087.4,7,334,0.25,200000,0.01126,done,cactus_small,322.0,2026-06-12T20:13:53
709,285.7,3562.7,11087.4,11087.4,24,836,0.25,200000,0.01072,done,cactus_large,310.0,2026-06-12T20:13:55
710,359.2,3562.7,11087.4,11087.4,30,1023,0.25,200000,0.01048,done,cactus_large,315.0,2026-06-12T20:13:58
711,75.2,3562.7,11087.4,11087.4,4,241,0.25,200000,0.00964,done,cactus_small,315.0,2026-06-12T20:13:59
712,138.7,3562.7,11087.4,11087.4,11,432,0.25,200000,0.01088,done,cactus_small,304.0,2026-06-12T20:14:01
713,212.5,3562.7,11087.4,11087.4,19,640,0.25,200000,0.0096,done,cactus_small,311.0,2026-06-12T20:14:03
714,95.0,3562.7,11087.4,11087.4,6,302,0.25,200000,0.01156,done,cactus_large,314.0,2026-06-12T20:14:04
715,270.1,3562.7,11087.4,11087.4,23,795,0.25,200000,0.01019,done,cactus_small,305.0,2026-06-12T20:14:06
716,87.3,3562.7,11087.4,11087.4,4,278,0.25,200000,0.01338,done,cactus_small,305.0,2026-06-12T20:14:07
717,180.1,3562.7,11087.4,11087.4,16,550,0.25,200000,0.01117,done,cactus_large,300.0,2026-06-12T20:14:09
718,127.3,3562.7,11087.4,11087.4,9,398,0.25,200000,0.01174,done,cactus_large,298.0,2026-06-12T20:14:10
719,41.9,3562.7,11087.4,11087.4,0,137,0.25,200000,0.00997,done,cactus_small,309.0,2026-06-12T20:14:11
720,149.4,3562.7,11087.4,11087.4,14,463,0.25,200000,0.0103,done,cactus_small,313.0,2026-06-12T20:14:12
721,91.9,3562.7,11087.4,11087.4,6,292,0.25,200000,0.0111,done,cactus_large,314.0,2026-06-12T20:14:13
722,60.6,3562.7,11087.4,11087.4,2,196,0.25,200000,0.01078,done,cactus_large,297.0,2026-06-12T20:14:14
723,715.7,3562.7,11087.4,11087.4,57,1829,0.25,200000,0.01134,done,bird_high,302.0,2026-06-12T20:14:20
724,671.0,3562.7,11087.4,11087.4,51,1735,0.25,200000,0.01124,done,bird_high,303.0,2026-06-12T20:14:26
725,353.0,3562.7,11087.4,11087.4,29,1008,0.25,200000,0.01147,done,cactus_large,315.0,2026-06-12T20:14:29
726,158.8,3562.7,11087.4,11087.4,11,490,0.25,200000,0.01206,done,cactus_large,303.0,2026-06-12T20:14:31
727,41.6,3562.7,11087.4,11087.4,0,136,0.25,200000,0.00998,done,cactus_large,314.0,2026-06-12T20:14:31
728,82.8,3562.7,11087.4,11087.4,5,265,0.25,200000,0.01175,done,cactus_large,270.0,2026-06-12T20:14:32
729,41.3,3562.7,11087.4,11087.4,0,135,0.25,200000,0.01162,done,cactus_large,318.0,2026-06-12T20:14:32
730,49.6,3562.7,11087.4,11087.4,1,161,0.25,200000,0.01162,done,cactus_large,315.0,2026-06-12T20:14:33
731,50.2,3562.7,11087.4,11087.4,1,163,0.25,200000,0.01143,done,cactus_large,318.0,2026-06-12T20:14:33
732,69.4,3562.7,11087.4,11087.4,3,223,0.25,200000,0.01208,done,cactus_large,310.0,2026-06-12T20:14:34
733,178.7,3562.7,11087.4,11087.4,14,546,0.25,200000,0.01155,done,cactus_large,312.0,2026-06-12T20:14:36
734,41.4,3562.7,11087.4,11087.4,0,135,0.25,200000,0.01138,done,cactus_small,315.0,2026-06-12T20:14:36
735,41.3,3562.7,11087.4,11087.4,0,135,0.25,200000,0.01115,done,cactus_large,306.0,2026-06-12T20:14:37
736,340.2,3562.7,11087.4,11087.4,29,976,0.25,200000,0.01267,done,cactus_large,292.0,2026-06-12T20:14:40
737,50.2,3562.7,11087.4,11087.4,1,163,0.25,200000,0.01218,done,cactus_small,296.0,2026-06-12T20:14:41
738,367.1,3562.7,11087.4,11087.4,30,1043,0.25,200000,0.01258,done,cactus_large,306.0,2026-06-12T20:14:44
739,88.9,3562.7,11087.4,11087.4,6,283,0.25,200000,0.01114,done,cactus_small,307.0,2026-06-12T20:14:45
740,2542.2,3562.7,11087.4,11087.4,177,4854,0.05,200000,0.0116,done,cactus_small,292.0,2026-06-12T20:15:02
741,1189.6,3562.7,11087.4,11087.4,87,2727,0.05,200000,0.0117,done,bird_low,307.0,2026-06-12T20:15:10
742,748.5,3562.7,11087.4,11087.4,57,1896,0.05,200000,0.01136,done,cactus_large,308.0,2026-06-12T20:15:17
743,538.3,3562.7,11087.4,11087.4,44,1446,0.05,200000,0.01138,done,cactus_large,310.0,2026-06-12T20:15:21
744,155.9,3562.7,11087.4,11087.4,12,481,0.05,200000,0.01113,done,cactus_small,308.0,2026-06-12T20:15:23
745,162.1,3562.7,11087.4,11087.4,13,499,0.05,200000,0.01221,done,cactus_small,305.0,2026-06-12T20:15:24
746,591.0,3562.7,11087.4,11087.4,48,1563,0.05,200000,0.01162,done,bird_high,302.0,2026-06-12T20:15:30
747,1241.8,3562.7,11087.4,11087.4,89,2817,0.05,200000,0.01158,done,bird_mid,306.0,2026-06-12T20:15:39
748,1157.7,3562.7,11087.4,11087.4,85,2671,0.05,200000,0.01158,done,cactus_large,299.0,2026-06-12T20:15:48
749,934.1,3562.7,11087.4,11087.4,69,2262,0.05,200000,0.01192,done,bird_low,92.0,2026-06-12T20:16:12
750,1663.1,3562.7,11087.4,11087.4,117,3501,0.05,200000,0.01166,done,cactus_large,286.0,2026-06-12T20:16:25
751,973.6,3562.7,11087.4,11087.4,73,2336,0.05,200000,0.01194,done,cactus_large,298.0,2026-06-12T20:16:32
752,281.9,3562.7,11087.4,11087.4,21,826,0.05,200000,0.01125,done,cactus_large,283.0,2026-06-12T20:16:35
753,1098.1,3562.7,11087.4,11087.4,81,2565,0.05,200000,0.01186,done,cactus_small,306.0,2026-06-12T20:16:44
754,1913.3,3562.7,11087.4,11087.4,133,3886,0.05,200000,0.01174,done,bird_low,294.0,2026-06-12T20:16:57
755,1095.6,3562.7,11087.4,11087.4,82,2560,0.05,200000,0.01251,done,bird_low,306.0,2026-06-12T20:17:05
756,140.0,3562.7,11087.4,11087.4,11,435,0.05,200000,0.0119,done,cactus_large,300.0,2026-06-12T20:17:07
757,2032.9,3562.7,11087.4,11087.4,141,4070,0.05,200000,0.01171,done,cactus_large,304.0,2026-06-12T20:17:20
758,1081.7,3562.7,11087.4,11087.4,80,2535,0.05,200000,0.01161,done,bird_high,308.0,2026-06-12T20:17:28
759,564.7,3562.7,11087.4,11087.4,41,1505,0.05,200000,0.01125,done,cactus_small,301.0,2026-06-12T20:17:33
760,1349.9,3562.7,11087.4,11087.4,97,3000,0.05,200000,0.01134,done,cactus_large,296.0,2026-06-12T20:17:43
761,489.8,3562.7,11087.4,11087.4,40,1336,0.05,200000,0.01153,done,bird_high,305.0,2026-06-12T20:17:48
762,1561.9,3562.7,11087.4,11087.4,108,3344,0.05,200000,0.01121,done,bird_high,303.0,2026-06-12T20:17:59
763,1218.0,3562.7,11087.4,11087.4,90,2776,0.05,200000,0.01145,done,cactus_large,300.0,2026-06-12T20:18:08
764,852.0,3562.7,11087.4,11087.4,66,2103,0.05,200000,0.01131,done,cactus_large,296.0,2026-06-12T20:18:15
765,132.6,3562.7,11087.4,11087.4,12,414,0.05,200000,0.0112,done,cactus_small,292.0,2026-06-12T20:18:17
766,472.3,3562.7,11087.4,11087.4,35,1295,0.05,200000,0.01147,done,bird_mid,288.0,2026-06-12T20:18:21
767,1398.9,3562.7,11087.4,11087.4,102,3081,0.05,200000,0.01147,done,cactus_large,298.0,2026-06-12T20:18:31
768,1348.7,3562.7,11087.4,11087.4,98,2998,0.05,200000,0.01089,done,bird_high,294.0,2026-06-12T20:18:42
769,366.9,3562.7,11087.4,11087.4,28,1042,0.05,200000,0.01174,done,cactus_small,295.0,2026-06-12T20:18:45
770,1061.6,3562.7,11087.4,11087.4,78,2499,0.05,200000,0.01121,done,bird_low,296.0,2026-06-12T20:18:54
771,275.0,3562.7,11087.4,11087.4,24,808,0.05,200000,0.01218,done,cactus_large,273.0,2026-06-12T20:18:57
772,978.1,3562.7,11087.4,11087.4,71,2345,0.05,200000,0.01053,done,bird_mid,294.0,2026-06-12T20:19:05
773,169.0,3562.7,11087.4,11087.4,14,519,0.05,200000,0.0118,done,cactus_small,303.0,2026-06-12T20:19:06
774,1214.6,3562.7,11087.4,11087.4,89,2770,0.05,200000,0.01123,done,cactus_large,295.0,2026-06-12T20:19:16
775,2266.9,3562.7,11087.4,11087.4,158,4430,0.05,200000,0.01124,done,cactus_large,298.0,2026-06-12T20:19:31
776,1181.3,3562.7,11087.4,11087.4,90,2712,0.05,200000,0.01094,done,cactus_large,302.0,2026-06-12T20:19:39
777,2143.1,3562.7,11087.4,11087.4,148,4240,0.05,200000,0.01139,done,cactus_large,274.0,2026-06-12T20:19:55
778,502.6,3562.7,11087.4,11087.4,40,1365,0.05,200000,0.01037,done,bird_high,298.0,2026-06-12T20:20:00
779,1401.9,3562.7,11087.4,11087.4,107,3086,0.05,200000,0.01107,done,bird_mid,289.0,2026-06-12T20:20:10
780,2454.1,3562.7,11087.4,11087.4,171,4718,0.05,200000,0.01079,done,cactus_small,297.0,2026-06-12T20:20:26
781,2498.3,3562.7,11087.4,11087.4,172,4786,0.05,200000,0.01051,done,cactus_large,298.0,2026-06-12T20:20:42
782,561.6,3562.7,11087.4,11087.4,44,1498,0.05,200000,0.01062,done,bird_high,307.0,2026-06-12T20:20:47
783,2326.1,3562.7,11087.4,11087.4,160,4521,0.05,200000,0.01091,done,bird_mid,293.0,2026-06-12T20:21:02
784,2812.3,3562.7,11087.4,11087.4,196,5269,0.05,200000,0.01016,done,cactus_small,299.0,2026-06-12T20:21:20
785,529.0,3562.7,11087.4,11087.4,41,1425,0.05,200000,0.01017,done,bird_high,303.0,2026-06-12T20:21:25
786,2320.9,3562.7,11087.4,11087.4,160,4513,0.05,200000,0.01028,done,cactus_large,301.0,2026-06-12T20:21:40
787,514.4,3562.7,11087.4,11087.4,41,1392,0.05,200000,0.01027,done,bird_high,282.0,2026-06-12T20:21:45
788,40.5,3562.7,11087.4,11087.4,0,132,0.05,200000,0.0083,done,cactus_small,308.0,2026-06-12T20:21:45
789,3108.0,3562.7,11087.4,11087.4,212,5724,0.05,200000,0.00968,done,cactus_large,294.0,2026-06-12T20:22:05
790,851.7,3562.7,11087.4,11087.4,64,2103,0.05,200000,0.0106,done,cactus_large,190.0,2026-06-12T20:22:16
791,2862.6,3562.7,11087.4,11087.4,198,5347,0.05,200000,0.0097,done,bird_high,212.0,2026-06-12T20:22:41
792,1616.8,3562.7,11087.4,11087.4,112,3430,0.05,200000,0.00961,done,bird_high,205.0,2026-06-12T20:22:58
793,1261.3,3562.7,11087.4,11087.4,94,2851,0.05,200000,0.00991,done,cactus_small,192.0,2026-06-12T20:23:12
794,657.0,3562.7,11087.4,11087.4,49,1706,0.05,200000,0.00958,done,cactus_small,197.0,2026-06-12T20:23:21
795,341.6,3562.7,11087.4,11087.4,28,979,0.05,200000,0.00934,done,cactus_small,199.0,2026-06-12T20:23:26
796,1511.2,3562.7,11087.4,11087.4,108,3263,0.05,200000,0.00988,done,cactus_large,181.0,2026-06-12T20:23:44
797,204.8,3562.7,11087.4,11087.4,19,619,0.05,200000,0.01034,done,cactus_small,191.0,2026-06-12T20:23:47
798,2797.6,3562.7,11087.4,11087.4,193,5247,0.05,200000,0.00974,done,bird_mid,193.0,2026-06-12T20:24:14
799,5389.8,5389.8,11087.4,11087.4,356,9235,0.05,200000,0.00967,done,bird_high,168.0,2026-06-12T20:25:09
800,4339.1,5389.8,11087.4,11087.4,290,7618,0.05,200000,0.00961,done,bird_high,202.0,2026-06-12T20:25:47
801,3961.5,5389.8,11087.4,11087.4,268,7037,0.05,200000,0.009,done,cactus_large,211.0,2026-06-12T20:26:20
802,155.3,5389.8,11087.4,11087.4,12,480,0.05,200000,0.00889,done,cactus_small,271.0,2026-06-12T20:26:22
803,183.5,5389.8,11087.4,11087.4,17,560,0.05,200000,0.00937,done,cactus_large,272.0,2026-06-12T20:26:24
804,1506.8,5389.8,11087.4,11087.4,103,3256,0.05,200000,0.00918,done,cactus_large,284.0,2026-06-12T20:26:36
805,1660.1,5389.8,11087.4,11087.4,119,3497,0.05,200000,0.00896,done,bird_low,295.0,2026-06-12T20:26:48
806,3528.6,5389.8,11087.4,11087.4,236,6371,0.05,200000,0.00829,done,cactus_large,303.0,2026-06-12T20:27:09
807,1547.4,5389.8,11087.4,11087.4,109,3321,0.05,200000,0.00803,done,cactus_large,307.0,2026-06-12T20:27:19
808,1866.8,5389.8,11087.4,11087.4,130,3815,0.05,200000,0.00803,done,cactus_large,308.0,2026-06-12T20:27:32
809,4564.0,5389.8,11087.4,11087.4,312,7964,0.05,200000,0.00697,done,cactus_large,305.0,2026-06-12T20:27:58
810,332.1,5389.8,11087.4,11087.4,27,955,0.05,200000,0.0068,done,cactus_small,300.0,2026-06-12T20:28:01
811,1139.6,5389.8,11087.4,11087.4,87,2639,0.05,200000,0.00721,done,bird_mid,295.0,2026-06-12T20:28:10
812,1417.7,5389.8,11087.4,11087.4,103,3112,0.05,200000,0.00729,done,cactus_large,300.0,2026-06-12T20:28:20
813,132.9,5389.8,11087.4,11087.4,9,415,0.05,200000,0.00581,done,cactus_small,297.0,2026-06-12T20:28:22
814,2708.9,5389.8,11087.4,11087.4,188,5110,0.05,200000,0.00703,done,cactus_small,303.0,2026-06-12T20:28:39
815,2155.1,5389.8,11087.4,11087.4,155,4258,0.05,200000,0.00671,done,bird_low,305.0,2026-06-12T20:28:53
816,1019.3,5389.8,11087.4,11087.4,77,2421,0.05,200000,0.00697,done,cactus_small,306.0,2026-06-12T20:29:01
817,1391.6,5389.8,11087.4,11087.4,102,3069,0.05,200000,0.00693,done,cactus_large,304.0,2026-06-12T20:29:11
818,539.2,5389.8,11087.4,11087.4,45,1448,0.05,200000,0.00637,done,cactus_small,292.0,2026-06-12T20:29:16
819,507.7,5389.8,11087.4,11087.4,40,1377,0.05,200000,0.00736,done,bird_low,303.0,2026-06-12T20:29:20
820,768.2,5389.8,11087.4,11087.4,60,1936,0.05,200000,0.00665,done,bird_low,312.0,2026-06-12T20:29:26
821,277.3,5389.8,11087.4,11087.4,24,814,0.05,200000,0.00683,done,cactus_large,307.0,2026-06-12T20:29:29
822,234.5,5389.8,11087.4,11087.4,22,700,0.05,200000,0.00659,done,cactus_large,314.0,2026-06-12T20:29:31
823,1286.6,5389.8,11087.4,11087.4,100,2894,0.05,200000,0.00703,done,cactus_large,300.0,2026-06-12T20:29:41
824,3633.2,5389.8,11087.4,11087.4,242,6532,0.05,200000,0.00685,done,cactus_large,271.0,2026-06-12T20:30:05
825,121.9,5389.8,11087.4,11087.4,9,382,0.05,200000,0.00749,done,cactus_large,309.0,2026-06-12T20:30:06
826,990.2,5389.8,11087.4,11087.4,75,2367,0.05,200000,0.00689,done,cactus_small,294.0,2026-06-12T20:30:14
827,355.0,5389.8,11087.4,11087.4,31,1013,0.05,200000,0.00718,done,cactus_large,304.0,2026-06-12T20:30:18
